gm,sDIAZyKWxGNB,34,49,26364
gm,RsNnYgUXBfweJfBcHyVcrnx,252,8,72723
gm,RygWEbWQG,931,9415,56381
gm,jNkhxJOwolzbWg,2,99,43446
gm,pkxbhiZoMZJFLjfIG,282,4284,51822
gm,BzLMOWet,3124,99,66736
gm,ekTFW,3,2848,59818
gm,XPxmaQQEwAireb,53,95,66517
gm,IqDvR,78,6415,84361
gm,lwvoXCkBrilHyiAEWHIHRrg,5,6849,97954
gm,dhJBBUVtrZubKnVzccEkWo,346,2,93473
gm,oUKcQOBAaNww,211,46,15618
gm,GlHwFxpMtrXCCntYEVOIuFlb,49,7388,97326
gm,jUgukG,9528,4,25759
gm,yyDeZLowGCpCsVceGp,7,82,54643
gm,ETIYNAVZuy,7,1638,82767
gm,aSRwziLllhDZeCMJPRp,56,84,87927
gm,FVnmnqCABqAXcRsnYA,6,7,48866
gm,EHAYCslFahhpm,151,7,83155
gm,IKMlwkrvMYZAMJQWyLbKc,288,5772,74861
gm,SetJuPv,792,17,74299
gm,MyDSaMzdC,34,73,72539
gm,vaOxtzwBxSjGzyXfmYsgPv,4,1,34676
gm,nMHaBNXjPLsbzTwYfB,299,87,89745
gm,SSbIidHdHdnMvvAzmioR,72,14,65819
gm,CcUrpQNaViMWxfKuRoi,7166,9,36683
gm,LIqtmHfmZT,39,3748,73984
gm,qNjXtTSTzWNAyHOzMTZ,38,28,42961
gm,XAStqULsjMgPpoifHXwhgy,2289,66,73663
gm,yCwOAJvHq,6789,656,59632
gm,BJaxjuDFpDrJz,3827,94,68998
gm,wxexHff,5,461,33118
gm,pqQhAeAYwMISopkookQNF,24,586,23445
gm,OPhqWklPv,95,13,78199
gm,HEQEyrFXtFsCZZHP,3,62,84228
gm,ewvVXBHqixvPVfSykYQnJwl,21,51,76477
gm,FWUdcSxdQAowJexyINz,1,25,71367
gm,JluuxsWjxHRTMcvP,23,5591,91238
gm,MTVMyxXfLIJHaxBnODQy,475,923,46298
gm,IJaIyBcBFOlyDjNWzSAqNJGy,1,1,34745
gm,tTVuf,37,751,31212
gm,ZJQFEMfTjzEkp,8383,4,63177
gm,fquaYSgPRdAMXEuKAy,782,554,49954
gm,JyxwpSM,679,21,99821
gm,HYgawXM,7,6432,98862
gm,RtTDOB,5831,4,53515
gm,MALHGQUfALRWhhbU,98,463,61653
gm,hdivUZAlZqQRWESk,946,29,44647
gm,OGRsuhbJkeosyfWscmyga,517,6,85694
gm,NidtmpZrJiGTJYfnDPCtAimm,3447,593,33596
gm,CYJgzaRPBPPGsNGJy,638,4693,42266
gm,DEbsOZHqfoYsPnOvRyqbdHJZ,621,2297,47379
gm,lMyJRuzSABPsXv,2,24,62326
gm,XdYzrhuauIT,4757,576,45931
gm,eNCSNnJuamMzAjbgXa,987,497,51772
gm,EqFeLvguMOLpKDSISnD,4,8,39183
gm,inYwsLdFknj,411,114,45351
gm,qkkdvKMtrXdRmPuxFrF,5223,328,97143
gm,hDRqWETWb,958,516,35148
gm,uoVsSuRweJylXZzzFluUNfTL,1369,9926,56132
gm,JJsRDfxTtz,19,8,55771
gm,biRjlOxRvFEZNbRSCjXyREDF,2971,71,47574
gm,btZfAObCbdpUvGHzaJHxU,39,8746,34339
gm,Tdjde,8,6,99741
gm,DkuMyuitJJyMWlzlIZPh,3348,24,56355
gm,aDnnFluhCkmJMGHGxpQ,865,5514,86949
gm,UZELVnIKwexxneMjEKBlVDmW,7,7,13475
gm,XhJUgBcThHzMptbTJAML,245,4,72934
gm,vvQbjLNJjFRhnDTin,4679,2765,75267
gm,KiTWUptRIGMWIngBrt,25,56,66836
gm,BJHYLKRjsHocMFnpda,2385,14,69854
gm,chsbTJbXqZuTRvW,499,2796,46149
gm,GjLnmSvKYsQxs,18,99,55349
gm,fjzkGVaqQW,6636,5,69713
gm,SIEapehxngoOpMkmKABS,2,3133,53236
gm,sQcaKUzwKpROjtetabDmKACd,443,2598,11717
gm,KyVJfqGJNGQNamqfTQIlY,37,7,34815
gm,UIiHy,857,3,33691
gm,CYJBCldeDGnEtdiCJKdr,47,2912,99722
gm,jbOmbBCAzzCXCrQUNSYP,67,17,92161
gm,dtJXn,5712,8438,45448
gm,lUCdzGIZQLT,7344,852,68371
gm,amguLAxSeaESSkZcWDbqp,5,13,73777
gm,OQOOZXUuMcfgbBkf,1,751,82777
gm,YiOaBotCyENeP,79,3732,19954
gm,gBmJWVyDqVxkGz,9347,1319,89963
gm,bUKCYBMXMsdSqfYQ,899,5395,92786
gm,FtoRgbrIAYzYzssipIqn,71,2,68652
gm,oDJpFcFBfOzPeB,6439,792,97461
gm,vnDII,28,24,83914
gm,AWkicrJQuOBbUYRBnxZoyk,52,9,47221
gm,ctRtiAhTbfBvYsEYzGLGR,8,69,58857
gm,fSPeoSBRlWnlo,5,826,94134
gm,LtyeXWdwiAPjlya,3,7,23825
gm,mSufAwmOBBSQisbBBJi,93,3,76217
gm,JFrrZt,4,58,23223
gm,JfAkekFvanRuVPCeiuMyrYL,7157,54,61595
gm,rFAdofEPwKYLxr,85,5121,71945
gm,BEfKBckIcduy,2113,59,14313
gm,rHfKhle,96,7,54661
gm,qfprpbwyAJCfduibSk,4,932,18345
gm,YfArOVKoHXk,2,6,92571
gm,zhGTbxeYsAgPmfb,73,7,99868
gm,vpKnMcVcFDzMkwKSYtotTna,3857,55,39656
gm,leWsXGZrHTKSEaedXyliKr,2,428,95833
gm,ZHwGXDVDjfx,19,3984,55234
gm,fWKHFMbdDDButjuYZgFXIaa,749,5268,86932
gm,HuKoVYjsjpNimJfpEytygq,87,7646,39297
gm,VHMZi,562,57,94661
gm,hrATIFVMljbFpXMbLxhYEB,7266,4,53518
gm,WGkOwKyIZtuWsj,58,62,82968
gm,QelOYildI,267,5,23239
gm,qUaNREkfdASAdxTuzYa,9,1121,97673
gm,xUeRfIBEzPHp,9,949,22818
gm,kQlsApykgFyRmDXbfGPJ,795,9375,13586
gm,wplVWqRcRGoBUxwBOOyyGga,4,715,17731
gm,rkkUyCdHmAPsSYXoRKmV,95,69,66624
gm,iplMsQuvhDvfcTkOGVT,87,6,55965
gm,RdzDueWWwnAkvxGVnJz,225,36,39642
gm,sYJTIBnLYl,15,2343,92938
gm,JmwxrnPT,784,66,56673
gm,zwBdFQxY,4431,2572,82667
gm,zAWfuSwFKYBM,42,6933,95567
gm,FZUhsPzO,44,8141,72463
gm,uXujHMNmMCzDf,82,186,65318
gm,KkwHtLRoByvzYHSwmjIMoTTl,669,845,64478
gm,ArvsFPcyv,9,48,22751
gm,rAzYHLWl,27,3,97892
gm,PdSkvysOWqolUUh,8827,8,53212
gm,QKmueDVa,2,9,86872
gm,sWxVwBPkrdkbwGpJMh,312,1482,29643
gm,YrsPBFwAgpXbQcOJBYaEZ,125,585,99527
gm,TjXYk,3754,2,41576
gm,JAXsvQLBKvqqmvgtqAG,67,985,55643
gm,VonTpUlUjbUsoc,2243,624,98789
gm,LWqjrQUHNZwkHESYeXNRHSbF,9386,555,82462
gm,nrEmv,6656,982,81125
gm,hsvfUNPjYsqnqiND,33,995,27341
gm,QoEnbMcXKkj,8318,491,58517
gm,tkHjAI,5,9,11222
gm,gKPqAftXf,193,1,19363
gm,VPhEzcAEBhKKcDNh,9,1,14635
gm,JylzEcTJnWbmwqAGMIlQFkz,6212,7,43483
gm,KTEvVzpA,5824,29,82241
gm,vbkDVzCtay,5,694,77546
gm,ruHIPOckLcjlBBvqaea,71,16,36722
gm,sCHlZ,59,6,99959
gm,ypHMUGhO,5,27,69958
gm,nERoQyPNhoPUd,646,5,42678
gm,JnGoUYIPykyfdslMXgpx,17,5987,41924
gm,mWYenmxdjxokVEU,992,779,52999
gm,bUpSBJCjpPdeWqjyBD,55,36,63744
gm,dfWgR,256,5583,54279
gm,MONhwszgPapPIaXPl,4399,35,79868
gm,UyLBBXSUiWdejDf,1,7349,63349
gm,vZynzeVqZfap,8371,7632,23182
gm,IbGrgmYqEpsHfAETATa,68,91,69666
gm,QkOtCYHASknhPiomIRtUKf,6,685,12884
gm,QYcaqrzOLDSUAOqfLDOd,334,39,43146
gm,PMJtbYEmnlqtUKVKkZ,5,5388,53715
gm,ZNDzavGngVRypsxwWEKLivVT,214,21,12883
gm,WXLVCscyAYyAoW,85,87,49431
gm,hQaruoebcLO,7,9,22794
gm,IdKxo,492,5,98975
gm,XFyWc,5,2,45938
gm,bVqHGAYeGFWG,3,2474,33163
gm,FBgbefEIoMOVMdzELVAMNMR,62,2694,27532
gm,qGGYIzyWXqVNQmSUXhcsO,6726,2631,99249
gm,lLrjctaEiIitl,2348,26,53771
gm,XnlonTOOUI,1,6,47297
gm,ewKSzwPQzWyRnVykiqaTKMJ,82,4961,46299
gm,GVdnKeOaTHIxuxa,8691,7921,67126
gm,ktgrGLXPGvXNlesWhde,39,2772,89392
gm,KzqIVaygAAeO,4932,3443,68935
gm,tgfMbdo,6,596,37699
gm,ZwTrCFmnWsWjaPhsDBCY,6,54,54939
gm,wLouJlacuepYLdziLscyzq,59,9298,42577
gm,smYPXuchh,9,3,39146
gm,HzIPsd,9118,554,85126
gm,ojzvXYgBdCeJKPJuPbAHw,39,96,33668
gm,ACFGlE,8,4429,63943
gm,WyxJLSlKmccUxa,36,1197,46813
gm,qBzDbJQJkTBEYxtCrjXUn,8,26,61417
gm,gajbwMHmv,3781,48,34256
gm,NRPAvepuwjAHRGBgAATzE,612,4,89111
gm,zLbvFwxHcsw,1656,6,93525
gm,esNKcBFAA,7363,735,13145
gm,bLFTyUbdlgVbYWoVWeKDLem,2211,2,25639
gm,TagBHgufKANHkioCpcpLxMJ,363,419,48965
gm,vQqiNkXUes,9282,47,55413
gm,xxqZZbMlZKXDvJQOwEEkKGM,175,35,63436
gm,sDpXGKOdxPOLbdVWxzofZld,6,53,94397
gm,ZTbScXfBAtYeVRwVfQE,1458,2,23357
gm,BKpQAxVSnJNLWyqLJyN,9,8,62465
gm,gYztIqlWctulgRBfjKmW,3429,2,35895
gm,xLaqbmjbOh,2426,2,18358
gm,OCxwGotEO,8,76,48471
gm,vUoHadKEOJHBQygpZsVq,52,896,41833
gm,bGGnHqpiYjiYcxVMBNIr,6,425,61453
gm,oagQOOjSHmWN,39,4789,31436
gm,ffglUfLOjWXP,6517,34,91965
gm,sLcIoKgEJAHxNdzrFYBTGRrX,38,3,12155
gm,qeUMeyhiXwniWxABruNtVyNn,42,29,26994
gm,ozMXPSsSfXTCmE,256,35,43324
gm,RAGcR,15,847,36245
gm,eLGLjkmkEVXCspAApfRpwH,317,445,45795
gm,LxNKlvlQ,859,5,71426
gm,oIxGGN,4276,1,72746
gm,iKwXxTDTvxKj,3,3775,92554
gm,oGzCxOoBaWxN,3274,3878,81145
gm,GyVQTZVIZvfjHOdaK,8,74,98981
gm,SJMGFjGzU,128,7775,22917
gm,VIYOvlRuEpXVXSKvOztqqFkJ,7777,13,21526
gm,NyHkgMuyBiNWmTTqGSVau,77,63,61935
gm,wOyCzLwHDNyBydldYIZYwCxu,8736,1756,92585
gm,bjDCpMZHoLyYEuraYAmKXlf,353,9662,86943
gm,XMWsuDYQM,8449,1829,59616
gm,kzalwZUlBl,5175,8717,95884
gm,rxqRNjbpn,14,31,97895
gm,kBDBRfhcTkwBBXAuQuD,325,757,71845
gm,TdGlXzYE,3,7,96228
gm,QMtHxd,434,33,84193
gm,ZdbKfUrvmsdfnrAYLUOZXP,8,36,96832
gm,DAPhMNHWiU,3273,397,52568
gm,zTJUyGdyxurzcBuDHwWvrjMt,44,3,73842
gm,snsKsYNwowLjD,675,87,35845
gm,ixyWhXidwGiohSEImjGaOKbe,4,5198,46914
gm,CdcfRrKIzAbRRGJtdazJrz,48,3,54193
gm,fhwFeOZxKVf,92,89,59847
gm,XysxnouxwOYJAdNiUXBFW,1366,157,87247
gm,LlHyZZqPtQUygazmwYD,8833,12,74193
gm,VFlozAjsdAGSuhPDa,27,5526,88854
gm,cMCBLbpRBqJWZgMuK,9,4458,14534
gm,zEhSmrVbMsDqWQHkhCKpZno,2,3,96296
gm,zfMacneCnCOLObG,8529,6753,44553
gm,aqNuWKYATnENWfwbgez,2925,857,79142
gm,xOwliQKoDQvIBwLWXuWh,31,2953,93966
gm,pnZvLKhrdEuhOrHSk,213,3232,59648
gm,DKjDAOPsykzUzDu,264,3738,85472
gm,xDVBBkqjPTAzpH,92,4332,22398
gm,rxtGZubEJBFPBPRn,4245,7,16451
gm,AaNpifMNvmEFIenYyJRfP,7567,8288,78538
gm,EqLLisAqvPxiOJIxLDpRXPKJ,164,6,99244
gm,bnZphGpVsmDnmmLX,92,29,77948
gm,XDEKgSHZJxkKR,23,846,28242
gm,eYpYwEhU,8,57,97378
gm,vbpVNdWmCniWMrZA,439,5298,26929
gm,BDHhxiPWh,513,4315,61447
gm,kjrfMrSpekOPkUI,312,7,18457
gm,XvKVofNcMWzLLTH,7,64,98895
gm,wCZcCt,2123,5938,83624
gm,MWMMxXGeE,62,719,23731
gm,pPRpvT,82,47,63339
gm,NohdsrF,4,4,43782
gm,fHcKGdZhAwjwCEBBGWk,8844,4799,36488
gm,aFXIthmJcaTImdOjcKTzaQ,569,774,78137
gm,LGQHLdCNESljlfiRLofYpaOr,414,12,16125
gm,kjAxGM,2,8,98934
gm,kwanEwXTasXenSXqHSCotVrm,9,7993,14669
gm,VhMVSDXFCNjZlzgmXZNDu,423,2,54995
gm,bLOfqKxOJcsVx,878,1,86333
gm,OgkbtRzGUPkuPbTPzKHqWuR,318,75,22971
gm,nINaOaIPtLKxWzwhpKgK,18,8448,97554
gm,KfEFrn,39,33,55848
gm,nNPbeEOMiaSWulnMNObBWx,778,6,27198
gm,qREWhpfVzu,81,53,84378
gm,rqVuOFCdaOetSq,1,8127,58634
gm,lYNYKg,2582,866,71832
gm,oSwBE,23,359,22712
gm,CgQBNxAAEyLmfdBRauB,3991,3759,75135
gm,fWxZipqDgDrGeC,924,7844,48341
gm,VjZwHZDgmzCeqTjhDLaW,8,616,95521
gm,niSKkiLu,843,6,88919
gm,yVRlEksUKNhfnUcLb,7,363,85596
gm,CwICJ,4,528,63478
gm,jrpOJXjdrsfis,19,2775,15959
gm,oZQyczJPnGvNQUpfMaLXc,7125,45,65192
gm,HukUiPZYxNzKowuYujL,8,7657,55369
gm,pvBkOWXEvgeov,6726,32,48314
gm,klGMAZEjIbTmyGBK,38,87,76326
gm,xfOJEbBxrFFrfQvBXleDIQvG,1146,3,82449
gm,FLHyRfHLh,7178,559,67336
gm,dscnUvrrIADeiAd,6,82,24946
gm,EVqJbOf,434,943,62568
gm,DWaEnjzVR,9,72,61848
gm,OVwTZYdzTGGcrTZjrbCz,8,9,26443
gm,CBUEgAVDPXNTMSJcPzNoB,3892,792,69827
gm,WMQAVsjKhwjI,6718,39,28861
gm,kvCoAJENvqJHBrKFJ,39,5,99114
gm,qJvRk,1,835,58192
gm,GdtERMZdwWujHmfgFCGKin,3996,771,11962
gm,FMFnvyVQIPerhohBENg,47,995,47499
gm,vzRulbjgKtcOpN,228,67,71584
gm,hDNmtdFQDOoQxOeflLRWDdV,161,1578,21524
gm,oJElTnVn,6819,52,86326
gm,HTqoYLXqyPHNOCEfYPP,6579,63,19333
gm,nzACUddCdZTDYFxW,584,6654,68592
gm,MvmcAxqLQWGLuSyrNKjshBen,2398,422,46561
gm,KqWICJBfcRnuznMwMOKKOj,6588,898,21848
gm,LoDvT,66,91,69879
gm,tUEddOPtZYRBTQcbjroqzZG,9,522,18285
gm,iFXGZgtOzAaTMaziaTSy,5,8248,61187
gm,Hdyze,9126,442,49268
gm,phZiyKSgYNuIP,954,9248,31167
gm,wbimUkuqNYGXJT,822,8638,39279
gm,yNODylGGNOKWZGbWULNAGwG,13,81,69577
gm,mmAYVCFDULSFcoc,2,112,83783
gm,azaYg,771,2763,47391
gm,qCgUVMMoxkRFBMbvyaMzS,1686,357,44973
gm,BFPzEnjfJFscKxGt,2,9318,18645
gm,bojpMqEoavUMBiPVupIuu,4,8,26275
gm,sUWATJWlnDjWO,118,362,36287
gm,LQglCsUsukVLRYrSjmEZWEvh,3,3957,41466
gm,zzbaQbXqNaoTaWj,5169,4485,84685
gm,ztlKsFoBA,3956,172,42825
gm,GmVENcbqdsaLo,71,3,97165
gm,ScqFGbfidHvII,2738,1756,63396
gm,vWecoqhjmJGQqbJenfhylsAa,2496,6,29689
gm,VCJqTJ,1993,18,59638
gm,siyXNUUbwLLiAHosiSSCeZAm,6,2,13556
gm,UJQJD,195,3385,28321
gm,haQneLlavZoMOxSjGMD,5,52,83117
gm,FEeTTKLwpsqc,168,1853,64324
gm,ycadyldXN,3943,68,29556
gm,XoIwgvOtylw,2779,261,22681
gm,plMLXqfbBgqhvw,2418,85,26696
gm,vRaaQN,3513,5,35869
gm,fJZiGJtJfenLpUMDrTh,7411,3438,17727
gm,hjpjdvtLbtiklSAtc,2,685,21864
gm,IfXNeBjKaYXaURb,3896,77,68845
gm,LBEgETNTYIAmUK,169,491,91281
gm,uvEdgIvUVSfWncQn,5,6851,64643
gm,QpQeOGGAYJysRTrRV,62,9663,17365
gm,MpkZURwSkCXHBcZ,36,31,83773
gm,YkSVOQztWBZmk,961,5,58515
gm,sNDfiDUBppIEvuCEpJNbHGCY,241,4,18432
gm,xTdlDtnsdGfqocwKTaG,944,4,99646
gm,AcaWHUYJrcSoDPHqVSRMzMNm,56,8669,93971
gm,VeRiEAhtkutZFhajz,3,5217,85744
gm,ImLNoX,22,257,83213
gm,VHlJHB,6,328,68498
gm,ICBiJwYKIaSyijVX,6,6,34853
gm,GAVID,5,7625,55223
gm,mlbLcbaHUrWklf,5,6556,78125
gm,pFhczJcXBnzRbmE,9,8117,89993
gm,KRsEF,428,6,86819
gm,aAVEhoJjwZXgieIua,8,8,92169
gm,bBNzsdq,2,66,96896
gm,AsyMajgbbh,2861,3492,83313
gm,pRUfiasHLCJhDUVbsHtbnlIA,684,2771,75178
gm,jyviFN,223,4,88872
gm,TRVUKoAIECsEjHFBSOL,4,43,88331
gm,qhSDHmrAWmIKzBP,1,3347,14634
gm,UHQdszWsc,72,8819,92639
gm,BzPmxAfpZCoZDy,319,7,45497
gm,lQZwRAVY,91,9431,69446
gm,JaKzeGuXyDSwBJe,1563,4865,36546
gm,CKxSKjtolMQ,35,996,69621
gm,ctgjoinTFBZkvwLsWcC,442,1,46817
gm,DbQfeePXm,2,96,26526
gm,gIeqngPtWUJfKCvOJWkugcsJ,7,793,68229
gm,UpZuFg,17,129,22233
gm,UVSZLmAqyScNmm,528,827,29287
gm,OXALy,76,6,58981
gm,ZwUZaYb,53,488,38769
gm,mAZSXwBGGgVXY,8358,571,48796
gm,eOxWdYgEVBsGXspoPMrrryqv,65,51,42256
gm,BstihTmJX,478,5,61473
gm,TDmYVDQXQrFhimIC,51,3791,95148
gm,yOwMZbCTugZINiwrCLdDz,44,9,77661
gm,njOLC,442,6,32941
gm,tZcfKPdyWkJvNKxBlXEvD,1918,234,95416
gm,rmUwQugcXuQxpBtP,2,2266,77643
gm,uLPOnUQV,7,59,67741
gm,QfsMcgNUApPf,67,466,39484
gm,pWABzwsCRnACGQEcrH,8,37,86883
gm,mXmwd,37,21,21327
gm,lJMDmIrIeTZyfOMfPN,6693,6228,91299
gm,fZjRDHbEFHamyOGs,823,712,61419
gm,QGkpv,518,25,47982
gm,PkJeHoxnGUXLgzjiXqoM,761,3,85787
gm,rtCkvMyWglfCsZCVPV,238,4,35855
gm,VlMPmVqYJIMOzPEMWLqZc,991,35,39411
gm,zoHzvjGkA,2,2,41518
gm,pRdlBIsvtQGfNeYmyfPnJYSB,323,4,48462
gm,LRBTksmSExQwQgejlOLkhDox,234,17,38789
gm,NvtnZwjIZZhMwVEjpLKmq,6536,6,64986
gm,ewHjaFUOrXYvn,9,697,73955
gm,YPQEbtPYwCFUkLgqFKqKOOJ,5,25,62756
gm,uXXTNtcAiAucq,3,2391,74838
gm,KixRubtJiPOvTuSMe,4389,9776,31335
gm,HRUhWCoOexLkXttYH,35,11,58922
gm,NTSdBI,679,16,88624
gm,DASjKeDwPWXlhU,1123,14,49561
gm,UIFXEveKTMVvuLYPiITgqwTA,545,4,77613
gm,nvgrUEcpDOLVZnFvwpZuO,788,466,82995
gm,uZqGCGEYcZgEVDFtqWv,1625,68,16167
gm,UCSMatohvru,95,93,69133
gm,gtyAf,8,5239,82138
gm,LlRzlyXTXsfgvkKE,153,4175,86844
gm,MqaLskvmImefuquocRPvpV,3,9,32164
gm,xgrwgZyiSLEuqpSILB,231,3749,23228
gm,bEFuuoMoDMTyhkyOWeOlnnbN,81,58,29134
gm,SdEwhDGsa,7,3613,27918
gm,ABeJiVTiaxOhypYuI,8413,129,59754
gm,AUtIhXnsdlmP,2857,9,81734
gm,kEGUmFOicxkccoxwBwbEwimu,643,24,36847
gm,xJxqAsheQNnEjUQF,62,42,49519
gm,ETtxnhqSmYerCXeMOh,59,9,25233
gm,svoaDVOZEalIgjuOVY,19,372,44996
gm,OlPZvqKvgvrvlIYj,6418,9,31136
gm,pNNJDNgjMLOOj,3727,353,83251
gm,XPqtQyovDiDmxOXKN,7892,75,24625
gm,GdBbUjCvC,1191,6,76958
gm,CzcYCyEetB,644,377,13445
gm,cFThUYS,4,23,18223
gm,uGeDMnjPpdj,34,6,56881
gm,EepjAKpWrXAuaXbn,7449,3585,19936
gm,ycVpwwcWIKzdTg,6,9,15789
gm,IGjHnnsYFqyJwNWZSzshrXc,35,8712,11159
gm,mhjnWeGEqPNCjJzvOVaFvuj,5,63,97331
gm,dPggxYtwwqu,7,896,82844
gm,wCrCyMhOTwDjRqOfWGEIjyBJ,8885,58,87732
gm,NPdbAFxWxVGZtwfpcUHjh,6,1,27185
gm,ynKpoFyIcIotxvCjvrIzrfxw,9,27,35593
gm,fSVSzplNJxSxXUMSuYFeL,823,4976,26387
gm,BjPwiYrw,516,8,14391
gm,cxJfzNhiQKlkl,99,9961,29237
gm,jdhZJeCYXUmEDmyCedjRhAQ,25,625,38867
gm,oQitxI,724,3,59495
gm,SxthAtou,4347,177,19913
gm,HSkDsFdLPpePg,5,2253,98572
gm,qfLHMzymCFEFmCMTllOIffLc,1927,17,51963
gm,lVeNzLPHSqohydUME,42,273,46671
gm,BfbnzDVcNrCSytnBBl,2415,5422,32759
gm,zzpLCvMYYOFAbUysBHcE,8,917,89184
gm,rVzYXQIkHMdKBqOkf,2626,5877,53591
gm,MgCYyvAzEsijKRXYcqtR,3,3,38575
gm,bNbEcikGFKbvLlw,665,218,95599
gm,vNKMRFNJMIliOVYLPybJlox,14,82,76877
gm,FVeJfhUwkpEfRALQZvcsJahf,8471,8723,87232
gm,GapOAgaUKksd,9653,85,13498
gm,ufPWgLbDyKR,741,3614,82987
gm,KPbNhdhUSfLtLzKSdiIH,3,3863,46751
gm,yBhSMqssDGAceEWjpZMWG,7842,1,85891
gm,uiIkGAEXtkBwfAaIKl,863,85,18311
gm,lDaXVmMMJ,9395,131,92147
gm,fWhtGvvGqJFjCkS,2421,23,23368
gm,wUysboTegHqExTk,319,24,11996
gm,JXHlxkNemYiaorMWFzt,7,98,65752
gm,XLLfzLDliR,7174,188,19627
gm,zDqpi,8,2,91664
gm,ZhKsgGat,843,99,29221
gm,rLwen,71,4161,31282
gm,VNjBEaycV,3,6,57578
gm,mQuYZCbGyRK,6,9298,24917
gm,atcTUXDmmVjOyWdphiKHdkAR,593,3,65528
gm,DzHMmHZE,98,8,59367
gm,PGCBAVQ,77,516,34752
gm,PyJLbNjXVw,78,344,63754
gm,ONBjmmCfJjscRMcLitII,97,2928,43716
gm,fskxVKvGSdxxUifA,77,884,32395
gm,MFgDRlozzIxmxmDeoMk,662,226,75946
gm,NasyJFvL,719,6227,61436
gm,mhYLjP,793,6,15867
gm,IyzCEPzWUzCAnthmxlPN,183,637,82349
gm,xDogrmcbwEMLvPMX,7,1,87246
gm,PdLRjVvgSUUVr,7,1289,75887
gm,YHyjcKMsnGKpX,6747,67,69426
gm,oLnux,766,5,22939
gm,pnrZEgYGWiuSSTjwlxgxjmVj,42,85,47932
gm,MwYBDfz,9342,751,21386
gm,wttDZL,145,3,78434
gm,pcvVJTlYQxORtPZ,898,56,61218
gm,AFRNBrsiYxmzArUoBO,7891,6,82386
gm,meYtXyKeMRZkRYXq,146,44,63937
gm,ijVKYXeONOSqtTGn,65,5,82376
gm,BzdMMMGcitPADjIPGbvLTE,3,5692,82558
gm,jzqQkrLOAWWRoTIJNzFJ,7,69,14663
gm,qmncGxQoDVNpGUkCWWaI,7,1725,56922
gm,tdTMjZptlIde,68,1,28754
gm,YMWysfLNGSWyCOAVInc,2,8486,84248
gm,pnYmWfhFcyVXiVqhRnNAHJnk,324,192,65713
gm,iNwzRbkGgCzv,33,7449,54463
gm,YGsPWy,9749,438,46324
gm,sAkOaIXadVGOuX,7,4862,23274
gm,MTUpQjwoDnhlDqmPkXiNDHw,286,9337,53944
gm,KzmJjBFZSBq,6,14,14118
gm,TwatSVjlO,614,5564,12141
gm,EyiBvS,9,4433,49852
gm,URIoTLN,5488,5,12845
gm,AMpKsUowCHUcQrafUXm,6,7,57499
gm,TBQIozwqxPcFDyJj,515,5766,46877
gm,sjtjKqQNWlEMuzhwKqs,7,4,43971
gm,SzRNhmTVfQvPQbJXwkBLVt,41,78,16414
gm,xMojkqrzCCGJKQWyMCQSqXJf,23,243,46888
gm,AtOGaSRwYIuqn,98,3275,48363
gm,MrnIusfoIPfv,3925,369,75582
gm,wrTMFKxDkTUFkVtAhAmKjZxQ,3,4633,96661
gm,bNyzkhqaEBccoKBtCxEXqH,213,679,31934
ar,48,tSjWm,14,68,31355
ar,55,iYcWSFSWsbnDJTcHxiAJP,955,27,78272
ar,48,bGYdL,3,434,46127
ar,9,XGnQmu,262,63,68367
ar,32,CdtpZXlMkIvnKzns,91,273,48198
ar,66,JyhqpsXefsSWVOdrltAI,5,4742,72765
ar,5,QdsTDb,17,7961,11491
ar,8,rjBhGVPrNbrLyb,8789,121,87124
ar,13,YmRqyksceFanNpzcLF,3887,8,44419
ar,38,zuxdtLCPPWZzrEUZ,57,271,41421
ar,5,gOBxtcFpNPZmQmzBNWHtU,64,3,64692
ar,2,MAVNscqjZqIvssnEuv,2753,5,84227
ar,52,KrpDylDvFDoQV,1491,5586,55956
ar,2,JzLEoOCHkugAhNJ,1313,5,71274
ar,5,UopnHra,44,8657,18696
ar,3,VQKiTSpLHYaAgCdoDKNRFFTz,144,3214,53975
ar,5,Fsdgtre,37,232,37749
ar,2,wUEswYWw,1637,65,69476
ar,53,cVIhIGPuqjHIQKJG,28,966,58727
ar,3,UUZQIuyKMZaLHOTOAjvpnnFg,2,8,78765
ar,9,ZGkkgalB,3126,35,75765
ar,76,gLFCkpjVE,2,614,95324
ar,1,LtSHbRESuIlmozcaDkvy,2437,5,72153
ar,9,VfqazRcGmDPwVI,847,48,84317
ar,95,ApJjWwLAXXQvpXU,1883,525,42318
ar,31,kPnsutWaVK,995,7958,33739
ar,94,edZdVloUHfcqKVBcXIpPZ,44,3381,36717
ar,68,pmMTMRRYZWILyzXXv,489,2366,65335
ar,7,AYkXWcO,63,41,61999
ar,59,OdGmJhHVu,7772,5869,78774
ar,11,okpwDoiqCHMTAyHybnrIVjh,679,99,92284
ar,6,WPzeEefmUyCiOFHJhzxah,249,468,93286
ar,19,kizrBEfJKHD,7,3856,79174
ar,55,KruJrK,835,161,47389
ar,75,dHuBVtykGLZb,2939,359,75752
ar,71,TcJSGaUvY,29,49,38269
ar,16,gYDfASNalxAqSKpaOMPJxSH,1542,1753,45634
ar,2,YUunErCykE,53,15,48353
ar,3,udPNKYfSI,9,9554,83351
ar,82,xFPDp,3787,591,63155
ar,95,pBiApxPKOsFTIvjOfNKy,22,24,43996
ar,1,muVNzJEYCWKlkfLUbRzQw,1515,1,93983
ar,97,hAcIoxpgoQZflTzwdkJfHPH,7567,4956,21588
ar,1,DBkamB,8431,34,34398
ar,84,SeULJrtqH,325,6427,14736
ar,8,ZabSvLmkysA,22,6375,92465
ar,76,PZHewz,523,6,83474
ar,63,WeZiQ,387,166,93481
ar,49,UUawvaqQjdfmu,7,26,52953
ar,5,kRQgSFXIlvdGyDVnwS,3292,8,97748
ar,89,VFWGjsZytnDCUDkiXaFlebDk,72,851,12693
ar,31,XNdGiIRjmOKO,35,2742,54461
ar,41,mzcftKetcRTJs,34,48,96974
ar,9,avsTqCvdbZv,982,784,82998
ar,15,PxvZkuQSsVFBXDKZSHSDYqi,81,1965,22978
ar,7,lTZhOQbf,8113,18,65867
ar,19,gOyDmugUfmsYyGvJuHom,121,6,28388
ar,3,ROATAQejBZMeCIQ,74,833,16217
ar,6,LmgSXfUg,38,3138,62529
ar,3,oTEKITHNtVxpGXXdZZsBkJu,425,8863,94616
ar,6,ppZPgUNICCQnrCO,168,87,92641
ar,7,rfqKSZSRpdKqGztsWNpig,8727,11,66473
ar,4,ifcTczFMReyuRCNfqCobE,7,2,97969
ar,8,gSGXQnzFL,1,38,53438
ar,82,yVDOMsnIpIMQhQHrqQfUMAph,33,31,37169
ar,5,PvVRlNmfDKnvpXztpK,93,9994,91745
ar,4,sKdliLgSMklVKbSktUGRbP,9,5169,11939
ar,5,lwlVlBtZFQpXt,664,88,15857
ar,9,nIooKCRwWTcDpxdxhm,3,7,73181
ar,7,CwzMACMGWLcaO,745,3537,98475
ar,68,IJiYJbGmYT,5378,8954,84221
ar,5,volAAgWByvDIqDA,218,32,83442
ar,77,LEQigAgJqZtCrTxaS,439,311,58845
ar,66,WFXVeE,54,66,73888
ar,6,DqTwZ,862,3995,38786
ar,8,SynjMiCZ,989,585,18689
ar,16,fphvWbKQ,7282,78,41223
ar,57,uIimvhZ,667,1,73815
ar,7,VKFWavIM,16,113,64659
ar,9,uHSkiuTZzegcjzJTmsqmI,7,9713,37157
ar,7,SKoDVn,4,4929,66535
ar,6,qNvhxqikLnCTOWkHq,8386,9692,39766
ar,26,ewEokvszLEnJUOzzaZU,738,1826,68489
ar,5,NHhGUBxLNYDAyYvcz,8617,9,87622
ar,95,IMkjsxdkGcjKsDsOqW,426,986,14961
ar,58,qOUNxJ,7,2,88424
ar,4,fzNqWWpnFcQxJsMCMEoaDR,4,978,47941
ar,1,oGKyrkRkJstHebtFxcyZ,1,2,87432
ar,19,JOPfKdWainqzZTgSGX,96,46,14234
ar,54,LjnznS,7654,41,85554
ar,36,wBJgCYAATOCKAQo,7,76,79169
ar,91,KhVuFQUVtGjCRwrSdYtscEBp,68,21,36375
ar,5,afsjICN,5,72,12613
ar,2,ALdnJROGqoTI,1,9359,39126
ar,4,LwcGX,9,13,96374
ar,6,QEAbXGnJoFNvcccpaWJlSR,26,911,83487
ar,3,hOVAvCFooUIHgyIqCNLCDbyV,31,993,65962
ar,91,FKSNHeYAg,5,5373,97346
ar,7,ilBzvEMYXdTQtlQszGMO,5699,7,47768
ar,7,MVcQOOIgZUIPvtrLSRwJqr,5316,89,96621
ar,64,TtQxmsIcpCGC,1528,45,95985
ar,6,sAPrrQejDKaftGfezGimG,251,357,94649
ar,38,GoaaI,29,545,74151
ar,83,eHdMVebMJLqgWpKjYxMhiGeJ,4,361,11699
ar,24,XYfdHjQQtJzrhGSdO,847,8511,42358
ar,3,cVexvGVX,9412,3735,58739
ar,12,lKyQhTjviGuTZh,1912,635,54638
ar,9,utKaKBuyUPGgf,1281,2,15288
ar,19,YkbkhfzInT,598,5313,44344
ar,4,TdQetcHksMonVkrPipV,697,3132,41212
ar,7,hlhAdZXwxEX,57,86,55211
ar,4,PDRfKSJaMAuYHAvCkGu,66,6752,61258
ar,2,zvmENmfIr,3533,8965,14537
ar,42,HVIKblzLJGswFueCnyZzzeIA,97,63,84922
ar,6,uZgXzgJ,84,5351,53795
ar,5,xYXOPxlIVvGxIdHWd,2,96,78571
ar,3,eUeUFUtVokYwZtMvJQ,38,58,99242
ar,12,lnBHGTuthhuhOodTwGx,379,5847,94924
ar,6,zMnLzgKqrPW,24,29,37937
ar,1,VkrNcOixNW,7868,64,16666
ar,33,pzFGpMzSwfgyQaIzLMZBI,7,13,93136
ar,79,wLdaaI,2186,941,84743
ar,89,OZxqtIIqojccBdKSg,323,5227,44722
ar,37,MfBBgcJnVGfK,8663,736,47672
ar,64,OmDNcHL,7479,9,28377
ar,7,lqQQJEzNLOWWOCPTyRlbu,985,27,22948
ar,98,nXSVhMByuBnNlvGg,22,648,27945
ar,9,gmMjQorxVkwyCyRfQn,9274,1,63531
ar,6,qBtNSkuBqxKtxuxrjG,124,956,73766
ar,18,CNlOJGPjXLo,9261,685,18239
ar,3,iBgyTJsucxIwXWfAb,79,6483,75595
ar,85,CLtGsBBzzpkwufmyWdEwgz,9,549,94144
ar,33,QFpuQMGoPHthv,599,22,15622
ar,79,hxScMyp,5545,441,64726
ar,18,lJHmUDKjAdLbUJMafeN,813,7941,11354
ar,8,IToGEjyQGhPFFbSAoifYcAoM,985,1944,41222
ar,61,TsjENpChdEajDyxfXrDkf,9678,59,34538
ar,92,zmIcC,54,6,14958
ar,5,LXtsCiLUCzRoFhbdas,9412,438,25227
ar,11,UoxnDqBZTWf,6,1285,71913
ar,5,beyqdlJSUDfnkqkTOihUc,3635,5,17869
ar,6,mnXRxMKhzuPlbVbWIx,51,54,16166
ar,88,qluvPiSpuzMxhsiBmMq,925,78,42841
ar,28,FHEiEfnIeXHTUQbQeNafKIK,461,6,23698
ar,4,bYVwiMI,1128,68,76861
ar,73,QtzMNZVtIZBykJDVe,58,554,25527
ar,64,FHViUzqIRdiDMgyKOUuDElW,315,995,96283
ar,7,dnpbf,784,347,19216
ar,7,ZxdisaeWJrRjdbhhSfk,5481,217,14524
ar,4,rXfNems,44,785,82657
ar,5,vepzWoDR,2,287,94341
ar,59,KwvyoDO,845,627,49619
ar,8,psrRIBpGyewXjiQnHntu,41,914,17886
ar,99,EJfCL,218,3,65551
ar,79,iKfyfbTF,3,4744,25656
ar,88,wlpDo,7623,281,19694
ar,1,yVgbXWaXhplgnUWPOlnKbt,1154,8889,23138
ar,47,vsoCFywB,932,9296,59573
ar,1,xSjJLzpzUZ,1881,83,17661
ar,31,bdWAFoTqRviVhzjuNphd,4,18,38611
ar,92,oCiXeDsPiCS,5491,392,47628
ar,51,yiXRYvL,74,17,14885
ar,26,MdPrYqUe,158,876,45345
ar,5,PhSIKs,52,57,59622
ar,4,OzmonizdgphJSTxX,558,988,58461
ar,17,dgusnjxBHrGyratckbB,844,3877,47481
ar,4,bXeLpygqQxWrTuzVKvzugZiy,77,8,42427
ar,59,ZPkAiyYmbBsxH,1751,58,67729
ar,26,UpiKJcKMLNpR,3,2175,48852
ar,98,USDNrhWPoHrKu,4187,3,56288
ar,4,mCRzMw,3,89,58158
ar,61,ezPSXnkICXIbXDRHt,3,449,68827
ar,6,FBZuffTlvzpKv,21,8,18246
ar,29,nnkJRRTYypBs,97,627,84379
ar,51,McEqNDygoR,5,67,64544
ar,77,joBoMeNWGbes,19,811,48657
ar,18,MTLbdNDAXsZKsZK,2989,2867,12154
ar,1,MSFcYWyNWonrLuWwrOmzpsSI,15,3327,49876
ar,3,KsOlMlZKIfAwvPOKHHgCXF,53,5762,99665
ar,36,MifVSmddmULieVwDGwRiGo,4,952,58468
ar,3,jzLHiwZtGXTtrXKgWl,435,1,58966
ar,81,fSrTvNESGTYZwrVkyy,92,4,63233
ar,76,eHjcJqf,2679,4,84874
ar,1,dWImmn,6,469,46857
ar,8,zRoXxFaiKnPDu,87,1,46195
ar,14,BMiVATeo,77,9,73523
ar,83,riSnYQsLuVBjtE,4,2,27484
ar,95,NqYNqkozrhlYJEdkEvTG,5781,7999,57336
ar,38,eBsIPhrEEpuLeaFSQMSVN,61,558,11343
ar,77,EdsYVbV,9,8372,76417
ar,68,CzGdeixBCbZWlzucyiP,8,1,64189
ar,2,SPRgyVcL,65,45,81931
ar,4,syKhXJSXiweHawuzGCflXJk,6819,5421,34425
ar,7,yXfFZvWPpmrOxnLPd,927,45,73679
ar,91,xnIRtUzsbLplRgqDaVpJuT,69,414,88771
ar,13,dadSyjNCFmiRbLwgQwTvqx,91,4892,59464
ar,56,tBXHOq,6377,16,63598
ar,69,xJUyYqMFQzYYzKdOURV,57,3,24919
ar,11,TnnSJL,3,4,17939
ar,4,iYHcsVzzGfyjegZBI,8,4476,16665
ar,1,nhQWWOeoXLRRNlRvFSxnw,89,5,95935
ar,7,FOBGmSYzWIe,588,371,93177
ar,18,OPDNWZ,7925,3518,22586
ar,42,smcKMSZFeyBewj,235,3319,48468
ar,6,coTzRg,4,3,41524
ar,4,pjIMgbOR,559,6723,72525
ar,3,BXPDXJyD,869,13,61521
ar,8,uIzIqjbSyIMKu,3223,71,98825
ar,65,JANEfLRGUAFiBPMmo,9195,96,33333
ar,55,WXYbz,98,13,91384
ar,68,SOOzPUoLcSHBufpw,51,4866,28643
ar,19,dgbnOEkPDDaW,2,8,69919
ar,39,raaIKogemRYIeZPXEI,989,55,42784
ar,74,dkNPUxG,921,1652,68275
ar,55,bJSNCOBQ,676,6698,66381
ar,7,koFmajxNHPxDXkLAtctXgY,84,36,73721
ar,48,KQiAPBzefEWjSE,7,9189,33199
ar,82,RZRTtNShlAqrZEYwNX,3,168,73518
ar,82,ZkiZWQenHdTqK,167,1,71869
ar,4,LEikKEaeXpELkqQaPUOtYl,9,8,79695
ar,38,cgpKy,38,849,61576
ar,4,FuzhJRnv,1923,35,35751
ar,85,DpSUapPOqhUh,1,4683,23912
ar,5,WSwgkDKwZtYPNXCCoRLSva,44,4992,16749
ar,26,ihNZV,2,9,24762
ar,2,bMkPiFRccsvFhusV,1,313,28479
ar,47,sLPQchrkqkYla,35,4,12432
ar,74,BURKBOPnBNpBmoPpYLYFgq,1276,5683,62918
ar,39,nEgxLPZXulGD,2723,84,33948
ar,23,LLqMVWyMyEnFmdbVXaNssfMi,689,625,49267
ar,69,rUXDFrdqWmeBbEXxZopbGN,9367,53,73719
ar,1,HrdofyjEBGy,5,5,58834
ar,9,EMrMKrLxShYRXnuKwCxDweXo,3237,3,47364
ar,1,VknTmInvjJsDpwvBaGCRel,349,258,75688
ar,28,HHROIq,6,66,77132
ar,2,jsAulhhRKENeFhhp,862,3,31155
ar,92,IBkAdYi,816,25,66485
ar,2,ahKhy,8,571,15383
ar,8,aTOBSRUaMwLWUHmzzVgqTA,6,47,23496
ar,85,dyZekEwtVTBysumhTdfOR,6,37,44457
ar,82,IVFzryQDmhPspSDjZsvgMln,8248,5952,13532
ar,22,gLSAJIpyFQqmJqAVrcdz,2397,4964,47794
ar,87,wHWZU,5,17,28222
ar,21,dAkvPxOOFGrCkgp,397,9326,76487
ar,6,igvWJbGJpyYr,62,75,53473
ar,2,kWYuFyRnQPHaowuCHhke,1,7,61175
ar,1,DnJdXBgOvkDp,6441,3778,38266
ar,5,WmpWKJOMEJ,8711,422,93685
ar,1,uwvoxyldpsDUwL,7146,4,16588
ar,4,iPlBAjBeQIZkWzR,28,1558,34976
ar,4,UiWHztXnUAGetZHLfqsgvAe,1,8574,43182
ar,44,NUqieGQutcjMScJanPRmh,8882,38,29654
ar,91,zGuybAoFZmhoLV,686,5,71759
ar,69,ToiPWi,9494,4,83878
ar,98,EqekxExfNYVGGVWXXqpWk,86,4631,87441
ar,16,oHAVYuYBUJnJAIkjEMVN,8522,7466,21945
ar,8,WntFPLVJXGciUhSwo,564,754,21363
ar,95,EbDCaZH,89,9,63383
ar,4,LVILHWCICpZyVratwb,71,88,18529
ar,3,JpqNjndeqQzskUoNmvY,6,9,39842
ar,95,NNCHVZE,575,2129,43399
ar,4,tjxdIRRNgHtMgiEax,6,9,28675
ar,6,bsLIfpqGTruwgzxPwW,2753,31,67935
ar,5,OXMEnqWNNqBHIGnkHf,735,3781,57266
ar,87,RqjEvFJneAQJ,11,137,48179
ar,3,HXxiJJp,841,71,55958
ar,66,ZaIfYRnTXHYf,6962,8,79612
ar,61,MpGsZuJdaZHA,2,75,42778
ar,3,QpBbgVRzkiXzmFdiOVhgD,8,142,13772
ar,27,zNEmGBXFPQDNseflgumsaQ,2128,8581,33591
ar,88,DyWUxr,984,4871,27335
ar,47,IeUKIlybOPrxgTdArW,6179,3,27875
ar,59,TuHNQKVCTqInfcuxb,88,31,96691
ar,4,ylgjPnsvyOItoFVFikXpQWK,84,951,48974
ar,7,YrSLyfXa,65,6,55396
ar,93,MhXUBedO,759,8,65784
ar,8,FznjRRY,579,9358,37137
ar,29,irSNmnuwjjZQ,5,4719,43796
ar,67,TBlcCKr,5,4,46311
ar,28,vodGVJu,32,36,83682
ar,86,lvcmvOJcbaTdihMPc,5,426,24589
ar,76,MydjhTE,3814,264,47525
ar,26,dKQKQtDvEbdTFNlEfAsbQWnQ,1,141,55473
ar,6,zqmuSAuWHLFJn,3496,7713,65267
ar,67,dguMqIKIwa,332,8,31131
ar,82,sePLJfrVAnEnHIvEDfuc,7147,31,79956
ar,44,sjWSkkvls,4,42,81941
ar,64,NLmiMyGxKNDolfgCglVtfDKY,3196,8763,59879
ar,55,BOMwDHkkfFeKlhowsBSvonw,6957,5966,53391
ar,42,jYSgZDIugpKiaiIXW,19,4,75942
ar,5,mxytKcxpBtzdgvflNYIJGuhe,86,546,15476
ar,98,UnkAslGMYPOVbsqrYf,1993,331,73341
ar,69,FQQGdqzMOJKpQikTHOLn,9,9768,63578
ar,3,FxaLxVRlzedqd,334,9,84544
ar,75,IBGWaCKykIsEUMbNMnsQEXB,3881,399,46552
ar,9,xQKVjXQVGbCbSBalDpZJCI,398,1174,43159
ar,44,HfPxLW,574,555,76336
ar,72,HIjGhSHZfBfCcbIi,5,622,85425
ar,4,kqKbF,5,965,85598
ar,95,OaToLe,2628,6,77518
ar,55,tRMXvuEbum,3462,372,25987
ar,76,GQBirmYcxCBXqbiBtrxqPFzz,5628,27,65516
ar,7,yuLuzGw,375,5522,55927
ar,8,Dnslzk,4,5,56748
ar,8,lGIZlSiBO,8,779,11171
ar,9,xqULjCIaEWeDx,1,3469,86181
ar,3,IfqiXaTyDxBxqlBoJIwMj,32,73,69567
ar,8,yQDvJGrYRKuDu,72,7674,66744
ar,95,wiRFylvgrouaimm,5,5,17991
ar,5,ihkqCnWOt,6995,479,72112
ar,44,BOBxc,615,47,88645
ar,84,JXfzBFuqTIcb,787,691,78293
ar,98,cMdZB,7,6,11121
ar,26,LYpQD,955,5,25441
ar,62,PiyTOBDs,1452,1,87465
ar,86,CkueGQMAKmrKUO,355,55,48721
ar,15,GCNgq,58,6,18371
ar,37,LPRCACy,64,3,74664
ar,49,bJoOzVHRgXXMZ,1325,93,41772
ar,19,osIjqcdp,4,1369,14617
ar,8,dEcTemZKaoxhKgF,5855,4544,44983
ar,7,nfcxeGUafxvxMesSmNMBnY,158,87,77476
ar,92,wvKOlYqXnDwjytpl,83,5238,41375
ar,6,rYFvNFrjasevakIIy,5986,43,11933
ar,8,mlCIqWVyKBESSzpAAaqQkgw,19,88,64838
ar,38,QXQAYcofFFHDg,115,2,91119
ar,69,iWYMvhmKIUjLJdBzpd,7945,23,68397
ar,82,iJFtZKKFlvZjj,3392,22,76423
ar,69,rhRWvjdRGvSqpWmrjCEgEpL,654,243,89181
ar,14,vGPoHZzX,511,8,13363
ar,4,bCDSgjisgGJHrqUdR,59,8888,37328
ar,8,DbFbjUxCfzhIz,1314,456,81468
ar,9,QVHhzUunDtX,271,843,74276
ar,38,CKjDlgDbAkbZrEOG,4271,9369,66285
ar,76,eWVnLOpfCCBpQRHfpeoUn,181,65,52313
ar,32,nYTVulDzcRpYa,2,6,67469
ar,3,FvZuVgxlqJAiZs,2795,192,84997
ar,79,hyfdAtrUXCgbGOui,4,6848,31912
ar,67,HyYgKARJBrKOVIizibQMtUJA,58,2698,51253
ar,7,hKrVpdIZZBOnjfTJ,639,568,19686
ar,37,PQrJkoiT,1772,7,91828
ar,48,tFDXWlKwVjueCUYdAtjbrU,1,7984,35123
ar,78,mLGnQapm,852,359,12779
ar,9,kucdLa,3,334,15798
ar,96,iiMPeJHSvyWVY,43,932,54541
ar,48,FRNuqCaKZgCnrMncKegeBA,572,1889,61859
ar,47,GutjYMFrFtzHzaqVWmOiZ,74,7492,99897
ar,93,tEfhuCsoIAixnpw,584,4188,63997
ar,51,cPFvulMZQMpQkQvHN,24,8,26656
ar,7,ZSTBphDoRdkGUHqCWhizY,7392,19,71666
ar,1,AiMnvMxhOBEbHHJoHtsDl,995,594,69126
ar,11,FTcopUvaITdrYkSsvEN,31,122,61416
ar,7,akLRhEtiPvbutUfrcVsgV,7,4774,66583
ar,11,soZAcHKQ,9955,6,76899
ar,6,rKvxgmjQgRZkesl,8723,9699,34532
ar,43,mfskWuttQkqtEjva,9,6115,86765
ar,25,BYTSOrpczKFrFeWX,835,3285,78332
ar,8,yZANrOiEVsyVmnr,636,9692,67363
ar,1,uSORO,39,867,11612
ar,7,rrekLRdGhvgooivjdcJNer,6355,377,56537
ar,1,NsgnlhRu,4,2,88316
ar,94,TQiaWeWIYrpqP,3,85,98524
ar,7,jltNEhhwRFkq,2,5,85212
ar,61,fCvsHkBRUXmkTNwrPgcyx,5,493,39257
ar,6,OGDVZucdEVTnPSsiYlLOhSRD,6588,479,28285
ar,6,qBjCDrQWPaPpxJtF,1,255,36925
ar,7,MfRPZedMymsUbAYAAU,94,762,96849
ar,39,usAJUuJgQBDg,783,182,31485
ar,9,fagJYUQgXgKzYDTOhRCk,3382,2,12791
ar,98,RNlxP,4,153,36883
ar,2,tcWiYANockVrRLbN,1729,5,73362
ar,34,cuDedpDEtvKcbK,8,841,96858
ar,6,MmdcycqoUOjgqWzmaokH,7194,3,78565
ar,17,iWTdPvrSYpcmBUdEAG,6,177,82199
ar,69,YmMdYEXI,783,2,46745
ar,7,uqxgskYNUkNZcFgHSZjAaWif,78,4295,58883
ar,54,TgMMLUzIvaPGfVgWm,9,98,28483
ar,5,GziEcueR,22,7,97139
ar,7,KcPfvxoNRqb,347,8,34778
ar,3,MMJsSflyFkduTRwZI,9,787,87668
ar,4,chowytAXKOJEidIIAyMQKViY,864,259,24574
ar,44,sXGLLDLnSPRPlsdZS,262,25,95467
ar,8,KkDCpcjUYYTc,9651,5,71867
ar,4,iReGwlpwMkCfCDDcpIZ,8,374,77565
ar,77,zYYftBXZKtYBZiu,131,7,16818
ar,1,zLehoXwJXY,4938,1,78237
ar,3,aMmXnBEYBVFSKgHgTEYhNP,875,2,39186
ar,37,KorpdOfu,92,847,67221
ar,71,bUvWrVq,2,8988,63866
ar,6,ejiJSHLcFAbxEdKMFXZkHk,222,5,72185
ar,36,eZfbrxdVdGs,2,9,79522
ar,75,SlRnkWTIbWptlBeuRJSC,5613,38,93585
ar,6,BIyHmOoveDJEb,2,319,79445
ar,59,egTvxbdPTuJdnwCWVBdy,931,242,99496
ar,58,xrzOPeTLrSaNv,174,2899,59289
ar,2,TakTvNhsQaTEpEuqndhRGuNf,937,95,31579
ar,6,VyAfvF,2347,3584,95571
ar,9,VLpKybYhLyshrOMueqIHtkHJ,7,1,57762
ar,7,SfPKmBYwr,3,2391,17867
ar,8,LNArWzTIerXuqSuTmcljYX,2183,749,97368
ar,8,YoGtXAHpQnDjjKusjUKAC,672,8,17694
ar,19,gTOzQTyyBhn,563,661,85797
ar,84,sUjKNCozCbCS,3811,4456,16883
ar,62,TImmeQBOOGUrpmTXlYFeScUd,3753,1863,76291
ar,1,xqGCdpmSWTQzydZlLs,6,48,71247
ar,9,cJkThWYHSnfkDNkyeBSeol,713,69,72124
ar,73,FCkWsTMw,6657,8464,73164
ar,29,UOwkJMAnrhXLeap,425,547,23696
ar,4,ZgJjwTSOSkTgks,8755,4472,28761
ar,69,hdDrootuOKiXqaVkeE,171,95,86857
ar,4,JouUdpvZIgBUmgKwqWcL,9,9531,34519
ar,35,XynEQdDLLcvRcVRiHMugY,232,1,67988
ar,1,ORWGouAhdF,92,5,16219
ar,1,UNIXZNbpgbCivQKwbD,2,3375,44578
ar,9,SzLsgmCqgU,8765,63,99512
ar,6,ioRNl,1,6597,88929
ar,2,aOGqTMpRmH,9,3621,51337
ar,8,VGIodBtJyepFqctaYT,64,776,42936
ar,93,NpGHkKDZtZmIAUsC,5767,88,23324
ar,43,GjrCIYNipfQGlzRtngrbhz,92,8141,54333
ar,7,gPOui,3,8749,42433
ar,3,mEzvKDUvitiDVTPie,1617,4,41565
ar,99,oHYNufskUhYbUkS,33,72,41354
ar,4,MQEpxXrz,3,2852,93728
ar,19,USApKrvQ,8,3949,38563
ar,16,FCxbBFfsyoOvlVHKombCEFYd,6878,2933,91858
ar,7,ftNomDQWllQnLy,987,64,12256
ar,32,bbDueKES,2364,4471,41568
ar,9,DHWnlasRHgIPd,4,6,46138
ar,3,kzqSgy,36,8,58843
ar,94,yiFUzQZFRx,6,5226,28727
ar,16,TUkwkMJKyj,96,6423,24779
ar,98,jSVbNiBfuYmR,42,7,98536
ar,77,oKjXHHIQWQjwIyeEHy,929,36,64429
ar,35,twyBfPyxIVfczCDcVfUrENkU,48,261,81964
ar,7,NLxFqRcsBXZZFk,354,3,49871
ar,4,YXSTMumWZgf,8564,7,17466
ar,82,ouwbEzXvKtDytPuqpINcZ,23,2,44853
ar,85,iabGNXfk,5,4999,63194
ar,4,sSuGVItEWIoDNAPgcSzdqbNe,34,76,31141
ar,16,XmWAbLKKdwFcqGIeFdap,9,5226,72146
ar,74,vvRfjOAGHFGAqGhqKvlskR,8314,58,77622
ar,7,qUYislCBWRdvCWzmkGjJGW,527,977,91196
ar,38,jLqSDNUmqA,416,3,51719
ar,91,TsEOuYzl,388,914,76582
ar,1,ETXUpwLCOzuqQsfolmBzYQ,95,872,11698
ar,4,wmeimkRNIUUIygrFKZatdkQ,647,6,99775
ar,7,QrgNZzlCeItmZ,56,455,93554
ar,28,FtyjlorwsnogCLOqatM,7381,148,17462
ar,3,Etequbm,2,26,32888
ar,91,aSrOzDpPCkOYOasiay,3,5,73759
ar,33,dpDjjqZhWkhnmhp,1556,78,75635
ar,5,cFOUJ,97,283,42156
ar,98,piHKbrsypXYyAsTCwZ,46,74,39981
ar,27,dCshdzsOQp,162,884,13865
ar,66,lZaoyabyl,51,7,77851
ar,75,qPytJt,7867,9394,92427
ar,5,CtDqkG,5,557,55559
ar,37,CxRtbuJPm,1528,37,31185
ar,64,TYZBOgvb,969,8676,42141
ar,64,XynnacdcARhNLAWUWiblkVJh,956,1121,17173
ar,44,sabTDZPHnBxwrlmP,73,6823,63933
ar,8,zXIDuUuxzlsVBxORFmDair,88,38,75387
ar,57,pAkGgEdzAnCSCTwcyMg,8,67,45867
ar,1,sojXA,713,6,81126
ar,1,nvTqAd,2463,414,75729
ar,84,Eoskt,377,61,63227
ar,77,VAfCJ,8572,632,46215
ar,21,nfdElsZGCXyLaEffkyhD,2594,626,69488
ar,57,bbszXsRUoZ,75,741,25893
ar,6,GmXKLXJzkcNVEZUCuCA,53,693,47134
ar,77,fvdtkpSPXsEzOFhIViljf,437,267,13174
ar,5,iNAtAODjqfKybz,8313,4928,86531
ar,11,tUhjRmYZoketQCXCb,1932,81,38261
ar,5,MnodlbfPofFu,779,19,53642
ar,7,FZipBEHlYsOxnGYXesWsxIZ,66,98,99836
ar,5,EWUsHdhvdqEomsvS,1,7,63721
ar,49,tKJQNCrEQsjbIhHlrgkils,5,5,74318
ar,4,esipAbiXLjzpHum,281,3,72166
ar,4,EikUmmPRy,21,2186,96397
ar,25,RnmNVYDRgZGIGjb,3758,3,87769
ar,4,JXDjofXHbivVVNHuv,223,893,83523
ar,13,mgySnUGrafeA,1464,7,79784
ar,67,mUzZrGuJcYSC,4329,18,59833
ar,2,DBKOACzodWrmmLM,981,7,37991
ar,6,sWXDYNJoiZMDCaNsgjPAkTJ,18,7812,77732
ar,99,owYYpghaHLys,9979,9161,55756
ar,2,UjqMRfKXMyA,126,84,58195
ar,71,bcbTPGcjnkgHCCPKNigWuxz,6,13,22535
ar,39,StmyypnpPy,2,5344,63643
ar,62,yIlyhNiBRRrFcbXXGoVb,3,188,65126
ar,6,fXveb,33,28,26863
ar,5,QsSIdFpbTNqyPjdDy,1,295,84723
ar,6,bIuukDF,1,3,27257
ar,66,nvVPhMLcgvRQKB,16,9,24243
ar,85,UdZwMfOrJlblaDZlgALbyzY,36,3627,73187
ar,5,WierpzVQMRoDEmmlTSCqi,8,6817,15944
ar,2,tahrQBrnMqo,5644,5,27739
ar,5,rPSFtOqKqwfP,3,19,62283
ar,9,YVMvccyaoTqslK,152,896,11889
warn,EOSyUZa,KeRmwxBXupBn,663,28,84582
warn,COrWVTbFIGPrqPVMN,JfoZuuzgkqyWmRQeS,869,8676,22569
warn,kYhVncCkTxkjKLGfrW,fhfHzpzQLLQhlHNSLfmck,5927,888,42323
warn,EMmYsAPaYGq,ptsRYpRwHWXavkvFT,9,7,15783
warn,mirvjVQHhaIn,VwMJKlnKvXSQ,752,8473,26496
warn,ShAnSRbtYQsxZrraN,KZtLjyjlUvoWtaTqdq,98,19,16437
warn,fnAgfV,qXDxxvoFzn,3773,4,13234
warn,epYxVISvQGppH,EhNRjpIZQZjj,75,4275,59883
warn,m,wASccPFMUnX,7962,4,61259
warn,ElmlETwwIkdTwKNO,DJteXLFMWzdXagOoCSjeh,6553,4964,57221
warn,GoUCfNjpYtWaYYJKS,EeXPwJlsCfGokqbNuSOOgm,8,5,56838
warn,KqICGjMffAswmmsKkaHV,TCBakaWbeYJXrAaCvLAxpF,5147,6,66559
warn,HUAwqNRXkmYCS,ZDvSanNGvDheRPNNf,5,13,91272
warn,otlSULfJo,VUorRfeySthNYNnnDKW,11,9429,97793
warn,qfL,DCXuTDLGbZjzUWBgsviFV,642,1,53116
warn,Zxi,OvSUiO,914,5577,76435
warn,gWv,TjqrmTLTOxpjJdnxEBzpdhQl,1,6376,98397
warn,hdpDDxBcxCZc,sjzOqLGOZBdZ,9262,3,14475
warn,SAZSJmhoLZxh,tHbck,58,532,58484
warn,naqxKawYyqJXNr,riMEMKYYmT,2313,78,45971
warn,SXdatzjgTXRA,ncxmAnEx,8717,3,86437
warn,lVXHhTYFistkTcgqSTGx,CxvqyqZFfoneWhl,6,76,22551
warn,JBjLZzK,NrtiB,8652,7,33484
warn,Gto,QQUplK,12,8,43661
warn,ELFhYrRk,fLHNLBnUppcsowgn,5244,6655,33543
warn,JWahdNoJirX,GbTKIkuAZktzXoua,4692,341,82698
warn,kAeLW,vZCFmfPrr,6855,37,31284
warn,snaVQqi,ReZlYPsIEqWXffyWrDofF,51,3,18844
warn,zWYKc,wWVkNoghOHTNhkyUx,199,2,22675
warn,VQYhIeq,yfCRCByrsv,9892,15,52153
warn,xctLCvZCuo,aBzNKHhSGaFSHRzc,892,867,24781
warn,HAR,mYzmJqudCeceAogjSO,2375,14,64147
warn,HUGQUKjNMq,ZMYZA,7188,16,68215
warn,QyXYnhYNsDuUBaeJx,aVzFpZXInO,5971,388,57118
warn,UQs,YgErUMMCcMzlhPETQUwnAppT,544,818,85842
warn,LAtgQyHbIXD,dFjvivWl,2715,695,37366
warn,fXLW,ZIszuAnSDKMlyVroxTAHLsfn,48,93,18444
warn,EZeOsuXtUeyNfl,xUvBOREtZacYXvOBRh,47,5,97524
warn,oTgPsypWbc,gmKzhuuTeNXGKyapEK,4162,8644,73662
warn,kTniKJKacks,sriQRxcy,3,1138,52734
warn,K,qYVKsVkDdXwPJTQEvZoc,6,3547,48158
warn,UY,JkNCHnDvhSHI,2629,2,55846
warn,uINxVxZwZUFqVuULV,PuAJaCjyFsxd,6,9,71289
warn,jSnKCLdAczukHNlhE,jdNJwdy,4195,6,19314
warn,KqwFpvauVWx,XAhwzDwuZvBl,33,1,46328
warn,QQlrxZVwIpHiNrqPLGo,oKigxD,927,5811,15229
warn,oUYTOFUYzRq,nebjwstnX,4,222,69321
warn,ouAocPJJFyXII,MYCXYSnwcgJZKMEy,77,64,25821
warn,L,ugljp,1651,82,35282
warn,Md,VYydtA,915,66,11942
warn,xRgwEJbaZB,mmonluoYwAKHAOh,36,21,74264
warn,wueyHbTrQIYFilcXN,pSqggLXknitKXLXC,39,6,96879
warn,SjIdNldD,eCiqzXWucULUInZTganRBFIc,56,7466,38131
warn,LCTqOXMzeApdo,GdisggObVnMIZ,1,7695,71548
warn,KvOEVFezAYLBW,HKHEqdpndCxM,8734,64,48752
warn,bDLtcxwP,AkLDBGbBtosBBpCBfUe,725,1,29828
warn,srFCPNJkIJQMa,fpcNwnqH,532,851,66227
warn,TcWSgBK,VBhoPlvJMiLcJtTbt,6611,4734,51157
warn,HtZjxRvz,ScTKLkkUJRdYu,812,4821,95989
warn,v,zMvcIXYhWAWJatlJErEHGrcd,1,85,66564
warn,rGqMxMMEAcABWPwOGCPm,qRdOsfpcwBiIxjIH,8226,863,21587
warn,fGkxjiWBeNUkL,GEGOXFtgwnrvLh,31,2994,57365
warn,KBwRehmMRMtDjc,PEfRawerrYmQgynYrjOtQ,87,852,64143
warn,Oz,WOigEQaIgxlRZNiO,834,5978,24599
warn,tBkCyjGwicXIKWVh,hKuYQdbHxdO,8771,6,58685
warn,ybF,yXuRLNMNy,76,6332,97292
warn,UfvNWcjYVTB,nTlgaIBQpUxMWTBKsfoPmD,55,793,58299
warn,gUokVDfQdjzdCyH,lEHudmcubAEelBwwOgC,53,87,36496
warn,mROX,JOrlelCnyZTjxxhx,144,895,58147
warn,UnlCPrcURXdmhoLMQbD,GhYEkayMZpjgXfmf,9888,77,79557
warn,PcZWtCghvmsIoi,gUSTTa,2,2315,44381
warn,cG,WgLxZSoGtV,7,3,81474
warn,pVmKLPJdfHSXxdS,CAzKIIUJUXdTV,396,3782,62187
warn,QSuoABKKXTQsv,CJyjdluVXdxSLDaf,213,3,85796
warn,VdcTgUaDWeKFSEzgfbp,hihZgsTVGDbhsxPfRsjsLAeE,2117,4,49648
warn,tRlseY,npJzBh,7244,8971,19256
warn,xdPbubrz,LIkiKstReVWhuMWMJJ,1731,15,29164
warn,PdKGXRyJhS,igkYDbWqydet,2,62,28673
warn,Jb,JZZoGSVZcLKZfMkJJy,8168,5258,74436
warn,JnUUOFsNCsWgJ,VTTZRZaVuLWgXrAQfcXenOU,2815,13,74525
warn,xSBlcd,sEgJfiq,1,3839,55919
warn,wwJDhUTJjccewWdO,bLOwqbB,239,189,72839
warn,ewEtNqOC,mGVhrMSPSSxmQdoJEp,1,6,42382
warn,dhtSQGVMSnXvjxpcdEIM,OlGdlpeYkZT,94,8826,79324
warn,wHFANUogPQIpbCMwH,AqunwfaaRjZefAuVyv,3471,5,63777
warn,cN,qIJITXuqs,668,9,86727
warn,arWmQ,rKbtRSUbQXtEgSmDrHCPo,6,22,52685
warn,pzgMoqbnmpLqXgI,zVviFmYQjlASu,8853,1,24653
warn,pIceu,CkJwjlZ,85,4,54696
warn,KITxs,jVvNz,3,386,82484
warn,PGvgnEQEQer,LMDnrH,7429,6,32277
warn,iYCWgZGJk,HWJycdxL,94,423,31713
warn,efdXtriZgUNswdtIWcH,lYRPjhWzXo,11,238,59298
warn,inv,FdclLyaSQoqX,123,3351,92362
warn,tP,EiQxYywICpllVJGYbNqBj,43,244,45367
warn,KPRFGAJXz,bqIuiUybvjiPbVBEsQMg,6,6655,13272
warn,XDonhQIPXLl,cZgrIOIBwtfai,6968,77,39119
warn,jBYxLG,WkSZFhabEk,37,34,17646
warn,motjLXfNFSBBHBcXUasG,lkSJGzTJADex,8,14,73666
warn,PlPndaaVVaXvl,CGHUElclQrasZrNxCxNQn,6,533,18398
warn,sjQDkttlMh,fTpxprArPkt,7,1374,45329
warn,fMgEMsgGKTm,BHeWcPeQffuIEGFVrFsKrw,2453,577,14129
warn,bn,fYqIeQxhTxsBhQ,6,1,76367
warn,B,RqcqU,488,491,25927
warn,jiNYEjIQdeKTDL,VYsKnJzJrBOTaUrDpBs,8,375,79519
warn,MA,UzNnGXqodDpGXqnN,9,4612,23612
warn,EZcKyeXYBwYU,uGMCQBjdzKhSEApNPAXGqhWb,94,6629,34897
warn,WDhRLg,STJHjUJfvsXWjRLAgevV,5114,2789,59694
warn,Nnhk,ITAXapGllunlGrdIQLAKver,626,1186,84271
warn,iNumeok,EdwRGybhHomalpIioVslP,974,5759,89137
warn,x,hgwzuKVUCtBFonDn,3627,81,78349
warn,wtUNOFeEXYHkPKVEtXs,FaSPDelJEPpHWpUbWkOUMfrZ,546,814,49982
warn,AhdTQBeuTGyr,nqxvRVwlF,3,76,75396
warn,olmQFIy,HBDIJaHeRwMRfrKdXI,7825,2,24871
warn,mnbokxuRCyC,dnSVB,6,787,26949
warn,cDmZlIkKGpBTc,rlqzTSexwMLFt,324,5245,98953
warn,BzreKNnYvobtMdfe,FHjLU,1,919,43458
warn,IZSfdRufH,sirgGem,2666,9262,58175
warn,xeLGOWkQpE,jokzw,855,91,99736
warn,pFfwm,aQdTSoqxcEq,8,4,84539
warn,FgBnBLMcPu,nZGSYvNNaFIiLOj,2563,56,67127
warn,aOMtfZWk,umVNeRnbqtCpEDeqUIXct,983,858,37664
warn,qQhTMinTbmeNXg,PjgyEAeuXtrUnIbpYJpys,9253,7,98922
warn,sfEGisUjaJGRU,NvyKxxoNwqmdoFGdtBtdPKz,715,587,27964
warn,CPEMrPveZZqhoI,JpGmgSF,163,65,93347
warn,LuIVHuEn,zqTftezvSlwkOY,9336,8953,61514
warn,qeQPioqaSalrMeRlXbzH,JCqVhJ,31,6165,84756
warn,rskxWIzcUtHjGlJ,NWyoF,747,4584,42229
warn,RoakUgMqaqDLELCdQW,OyExNmTKyIJpuCMqABBRtc,61,9861,85817
warn,PyyaAUUBhEFrAiZKaN,UgFQIynuDbtVrjsFxHj,2388,615,81826
warn,hWNGdfdOColUPjJnJl,QSNvxDdBoAoSeYOBwwzcYmfL,869,3513,54583
warn,HOjrBdfpcUIL,ehpcvBNnsAUtfgTSx,54,248,44153
warn,cVhSqOlRUQjuSjtPMtY,wvpciHgbHXKMRfcCJEu,7,95,98615
warn,NUWu,WfVcAHaTMYgBAnRScf,2264,36,38751
warn,PSdJbUWxpb,uFLrysGIiaioYOIKoesyc,545,36,99188
warn,vbvrYyPPxAWZZvEv,DolhjbHD,8175,6863,27974
warn,tr,gDTFSfzgDVyuLQNbbr,4,83,22315
warn,JwJ,SOmbRHh,2196,15,51981
warn,lUHaABKrcTdTsdAsdWw,bJQLZUnWevWZQ,25,1679,98767
warn,pkQmVYflNwBEAhOIlv,iKbkzhiUpbarISgSlOASk,2,497,55129
warn,TrezHECYdrfQvTKBqq,XKMBjuMJSQRMhohyoXTzq,23,5,34673
warn,tlnLAmYsdEHLAnovvOB,lDlcHLKMJpwBbJsDBQSknuB,382,67,52111
warn,CEvGqdsXpUJGJ,jHDLZDpOOCqiEzDtnLLd,878,4516,11338
warn,waAPn,fmxFYbJZUNivAapXFoMKF,681,841,46533
warn,IVdz,WJinkGdIYFZj,5331,5,53768
warn,iuqckBJJZGiWbB,ujNgbYWYhvKmC,287,3,39373
warn,WnFMQE,bgqFn,16,47,33751
warn,FGfcpLww,kqhsUsHSqvYLDszNsbV,762,277,52213
warn,Rwi,TWpjMrcCfbOQbScY,2738,294,53412
warn,jrSMHeGWbKeBip,WDZMmLoMYKV,8596,2,56718
warn,VlAuqocuWJU,ZKwAFliHte,2564,737,41298
warn,gpZDyTdpSq,svvtjMPrFfMmoyrunvOMyHH,1,262,23688
warn,L,mlRorzmcamXvcBA,14,666,72277
warn,uvOViRYgazBdPumVu,MlgCJYA,5261,6,92582
warn,Lw,BvGHSZqxMoxauN,674,815,71476
warn,entxJsoelCijnp,SikXn,3,7929,39216
warn,GyGrQOmTauZz,ZWXQgwHx,5,7242,71546
warn,JNLshPzQgHBjoiIKKx,dMmznUYkHLTLdpkaxkQHui,715,92,47816
warn,FXNUOaBmSwAew,mspUzusPDREGBJbiY,43,813,93825
warn,hf,crRAFpOqFa,4265,4,49574
warn,cnONxtEmtEBGMo,YVnvTl,284,6188,64919
warn,lnblKzJo,HiKuCWbabgUEj,2,767,91367
warn,ofzwmAoufhKQYudJ,dHIUsXOmVtp,5825,53,26278
warn,SjmtCUrbSMA,HwWwoVVQlpxIvxUSTh,971,2,77412
warn,OihrAjCzSFvB,tiykVUlyJIunGHBwGqrmu,7,2531,82441
warn,jBhrTK,jIelDMiULKNSuXNG,7932,15,89156
warn,luMnzuQIbE,GrAWEeUJrMIMBplDtrhuGa,49,1843,76568
warn,korTHcUYvSHWH,VxvhnSBbopddL,776,6771,43692
warn,VanKnzuqVnzeg,BZJKjwxwZMYFYmMeSjslKlEk,2,4413,37119
warn,bGkiKAoeUtrmNkAuyOCS,NVsWV,5,4,67344
warn,icuBujPsxPsniAq,BoOgcEPxlVqKkwSZkPRSDo,1498,15,34862
warn,aocQvnDUOEAuUKIBCV,lBYFL,735,4867,43336
warn,Ttgy,FewmmnfSYNQYlGotsG,524,6,39779
warn,ByIHOtQcLeSAt,KQTmuZP,54,13,92197
warn,CirBMKBqCqcPOkXTESeY,msucqFzIv,2852,7847,48195
warn,e,rJTaYmwESvlwOqEASvUNVR,8577,6632,36154
warn,LKLDIs,RxZCSnXkBLmnUSYFAFDs,2228,62,34949
warn,ujqiqJvH,kdFPony,2,74,44336
warn,hkEQYmFWzlZ,CjdSHXMx,8,967,31751
warn,zpiDGM,jXgrBYYlqeJrfMZQ,5694,653,51171
warn,KBsnYxqaBac,BQbncNBHyaqVycXYbMcalGB,4,366,25922
warn,uDBBtWYsrOOXrzpJBY,iVWJUEwQtmnYv,2293,4856,59822
warn,jtZdTL,doUHsCkYT,372,249,34859
warn,JhoqsfqieutBAfxMo,lbrstrzYEQUbmPKGFZVz,43,4817,44919
warn,ESzfINvfVvAYZUBeS,vcVPlSuGRREnxHD,8,2398,67878
warn,bfTKJARIPHaQkcpD,sBtkwuXyqiv,26,93,96523
warn,vNzgXQBsYEmqLz,iDZCEbgvJtHABDYurrGosEa,4,78,79121
warn,KyUe,eGLCUDmTvYVIRHaybOQ,3761,75,63757
warn,xyStszxdggCuYyl,laEmioIN,5,2818,84878
warn,iaiwRefphImcVe,MkIjqaAKuCVVbjTGayj,8,8635,51321
warn,IsnnhgiYjlmrlEC,PPBZN,19,1966,12985
warn,PSRIBnzmLndMgBATO,TtbOWdbDFdGkM,26,31,31147
warn,ZmQIIeqvTkFliJjRRvq,AdtkR,926,6,64563
warn,jBurP,oKJovDdUS,162,8,51634
warn,lmNImbQ,ZqVTIjbH,9,8163,64779
warn,wTTopceZrKYIe,JLlszXgWIFqNn,1169,9,94399
warn,Cmh,LzQuoRLjMLogQVVAT,3,4,61713
warn,MzyClolePJKLki,QxAIYSVlWoKFVyqEzkeMN,85,79,37632
warn,TX,KySsmdqfMlnDaRupWyU,72,77,98418
warn,VkJqJJyX,yTBHYCzTBXyzsqiuguyg,373,1738,78914
warn,hJ,KjInerMtzerSYHKQzQfbrAT,818,95,45242
warn,FGBjZO,aVJQYDXb,2,4,76537
warn,aMTci,HuSVxTMsQtyRhj,19,764,41425
warn,AwFcUhGTPpPRSnsVUXo,WMOTF,9312,633,29854
warn,HjulOyPjFVazpz,DckqIOLTIStSXKfr,5,123,63216
warn,SnVeRkoq,dZSlYnEgn,524,7215,67613
warn,yCUUPpwDwaodfAvxZv,RMbSptcUNCdcHVGQ,58,2,45631
warn,lhls,BicaiZ,7,443,22921
warn,mkdQxknWNl,EcdpFkWvsyreUakKVqpf,94,28,82348
warn,AO,hdNJfAOqK,2194,378,75634
warn,jQlvpqdhNAAUWegFn,BVmLNFnpzjghYPWTag,72,593,56618
warn,vn,abedYcPaoxjpaunP,1763,111,64423
warn,kjWwrdxvuzOvUcGXSjXG,BsPKOlatYgUvttFne,6,91,32696
warn,RWnHkchVQVmswUXKw,YYKgPqLMPYdyxezWC,39,3675,78166
warn,ifVuXWPlj,rdLJcpNT,441,3431,64198
warn,DyYLDrPrcDck,GIHVDuwgBqLdy,14,398,32956
warn,UdaD,vTEzpHU,2892,4345,71667
warn,AEWkMWUnqGYNyvgmR,JdrYwhQMVFl,57,92,91492
warn,YQXOpYDKVQ,WnxMrljqnvtesZm,59,53,64421
warn,usxNdLNChe,fFkXTr,55,332,41248
warn,bcTv,PSfsMnzrYUvFRtpDurqCWph,268,4125,57792
warn,SjUSUTNOOpxUns,fcneA,2,1,11817
warn,ocrFaoipeWiKWDx,BIKqqSATYMfGurRGzOr,65,3,46713
warn,NYiAitWUacFaOMUidGv,BqiNZgyy,235,8874,93339
warn,YooPCFUq,ZOuRLlhGBbUExPCywAlG,8,1892,59418
warn,JRtLzmHhiGileKoEor,celIhcMQzqUCmr,25,13,73855
warn,ctknFN,cNYcIfPezoEIZZlKXe,8483,9,82397
warn,zUVXKsd,jJbrbpVQwyIvdrAwGIAbW,956,6385,42212
warn,sMyk,sqLLmZiGlBTnxKf,68,7,89851
warn,F,dTZmNmJpOOtrJuVfNUHzaJRc,381,89,13728
warn,wZj,LbdWTsQVxJtoxtnD,75,7473,78653
warn,IlZETquSmnwG,QVLTxQoV,5,734,42324
warn,RHFBTYRPDqAB,VyOjZnquSx,6,74,82499
warn,GLuumotbd,fRyndXFEhrJTEznWDskArk,8,5,34185
warn,UwrvqtGCDvAc,WRdmdQSjS,391,7,93547
warn,Ewz,KPdyDLacVBBaRhDiBKeRrpy,195,2576,14347
warn,UBNfpDedAgxQmoY,MXjRFZdmfqkLfI,3,674,66161
warn,GgRsGhQDHoTZvJYa,wMDJICsNkkzb,275,2184,69924
warn,hlaABABSSOKobtb,QrzouaTBe,354,4,33224
warn,rjqwjBYkhPuMuUUBxc,qsBULeKIN,96,6,32727
warn,rvFySzzhkXQdVVWs,GGzdCrO,64,2837,64314
warn,QvymyGv,akucCBCap,52,663,35711
warn,rhmAiVyUULWcsZx,BGmyTzZhXubCoTViJb,188,6858,78323
warn,tW,lcQFHxmHMNYolxnxrF,654,7683,86465
warn,XDFEN,FZVEjrURuNHGAWPIb,757,8694,97289
warn,bZwhpAKZUS,krkfpIUxTak,248,39,59748
warn,DL,UCdePitHSgLO,977,15,73761
warn,QjFt,TMciWTpqaHEyFovGy,82,5,73324
warn,xYbUdQNnSmqNMh,uktCA,87,13,18912
warn,foLwobomO,TENLwb,24,312,47447
warn,OwnYMIiikPgdaIMB,bMWIsCiE,82,5,86461
warn,Ft,cbbTtsMtZuvyvUaikkfvJ,8,458,77788
warn,qIXipAgYEqpwTBfeuX,gYBIAjFrIMtjnx,3447,516,65273
warn,OZK,fPmYlznRDyyVtucYVYl,62,11,78367
warn,OvBmWVGuK,YFWfaULckbzYqH,66,9,13417
warn,QaUdLxSBY,kZTYmjCpvFOMDNGulXDiwH,1,8323,89643
warn,LjWFpgHll,NjGqOH,6334,81,76411
warn,UXacCTbufhSNjNPkF,iwTbwbZQIWDIxdWjTvduAae,5,2,44174
warn,WMTDsyHFzV,wRnQuriqUOOiGagyD,164,5774,86281
warn,VLgYgHPIBFsaOYLyjh,pygHIlZcRQOQaGvsthMusZ,933,329,23571
warn,hzkBosELIi,GzASY,8,33,93321
warn,gWZdhOzeigXiqiP,SDJkksbPGeJApH,1639,9,15584
warn,MwOpKgiHbn,irObjeWUDwMUr,1119,26,87487
warn,XS,QeYfZBqHzEMsmxJPoF,39,888,76826
warn,hUqjhJqczDWDURR,zjzFBLqkNyIWISR,1613,22,86148
warn,eBJyGWsrsrTUmbuMcs,oBMpqxxJKonaM,7,258,13339
warn,ByfuFtKkyrfiTGh,bGYMlbNQp,9819,37,15164
warn,GBzjcRnghJeJPlEBQMXz,uUlBrMlKFFgyDCOOHRQCA,678,7,66968
warn,pxvVTiJrvOrOS,HCLdAAefyeTusbYWZil,8,49,68384
warn,MmmmsSShergkhUyodQX,lldWonMBLHKXkpNMp,641,4375,21141
warn,LivnICwYFhsW,LaHAbCmRxjrxBWEsrKWXAViH,599,7763,26547
warn,vuYUUlB,HujlefuZhYVFGVsDJ,487,427,17872
warn,prPXS,kGyul,765,4346,16589
warn,QxlzYn,AeWEgfn,4319,6,17155
warn,ZTVXDOydSnddG,jaxCfQGUppeRnQXqWuvTL,743,13,97151
warn,nVhwTaFMLiad,QWNXFlzahAIjSFWULNfOJ,71,5796,93551
warn,dhwxgCbvqxDc,FwjCRRngDapmifATuHH,266,29,43184
warn,odJplDChoEcbiAjLUgO,UPqavMy,7,3,81499
warn,tu,DJEgxAcnVDntBRZMVGvPGAA,718,2876,71754
warn,xCJGehCgItJDYBLIIgD,XWCGeBqdTM,14,3,12137
warn,m,ufNjICwmYShsovg,44,5715,67299
warn,u,vogsCfHXQaVHxbObhAITeo,1265,16,73569
warn,vMEgeVIbimTfuXDeZtcH,lKUzk,8256,89,64925
warn,DRBZncs,nHppnaLcKAKPxnqV,8,8,89739
warn,by,jHGDsKzTFoq,172,1876,53413
warn,gtwTUnCl,WKSdVCMVsuJVfZkXqeDeA,554,82,66386
warn,o,oCImz,946,9,86237
warn,GUWLhBZzjCKdXiQlQJaS,RrAHxlQcSqCddtGmhRE,66,1,29425
warn,noShoimGJnQCnYSOdzHf,RmMuhQrZxQef,1153,55,49865
warn,dKgwLjOJAaV,JnLssdGhIUrh,64,422,94468
warn,I,oPAvYMfTaUVpgwlKxJUHV,21,781,15934
warn,yRlBlWFsyFKkXyOvTO,CCMCWXnkyeZkvpZgIcszKiLj,4137,4896,23944
warn,gUdNZOWKJdpLgL,BzQBfxYTcUbhXQe,52,2764,15852
warn,p,cVNueSpoLTMwLtYrXM,54,5782,52921
warn,hzPEh,iIoNMBfjYssxuAMH,874,5936,38226
warn,PBReurnsN,QCbqxVEXph,72,955,76394
warn,mGpXYr,zrGXSvpEJzdgZk,43,52,97514
warn,CejKYqsQpyRnTEq,JALEfixUycvLBeLsaj,6,3,53534
warn,oxHJO,bBfFgXgGmn,8654,8318,12994
warn,hmhre,xoDkZdXL,4296,6,41196
warn,DVfHoMClBrCmc,TfKDpkiZkHTGawZC,9886,3293,55166
warn,yPWXcQYFlVt,MXcKzydVazpkbMahJafKeKIM,484,72,63235
warn,iTBrFYgGwrXTiR,WAPhXZuKhddapiTLT,4,8983,36612
warn,AIWhGd,ySTFgrdxPNPhzaBFaSx,3,8,28886
warn,XwAKVAaRRUdskyiNPou,rSiDkSLplWxg,775,53,91149
warn,DFkPlDkhTTfMS,nrJOafMhHFStiyMBd,7297,7417,86169
warn,GkTnetAUIC,IIpMIhkRlgtiycuCF,4379,4639,34321
warn,kJWXWmnIqlOl,HusEJtnEuNaSh,63,41,78118
warn,TOsGYWvZ,OQFIlyJv,59,979,32944
warn,ztpyrSZGrHjptXUMuBB,ayoiwLdRUIC,747,2,93331
warn,mfPIxPQmV,fhtcFHOk,38,539,99516
warn,BzQIsNzNaJFtvP,IlCyBDxvxmpyqzEX,4,121,72834
warn,aFgKuNQxFBnofiM,cdaVlbBXtQUXvFkwTe,2,555,51335
warn,rUNPdfGcGF,WPhJCxfasUN,898,6,86839
warn,HPUNBimRJ,LdvCLLzRFTObZxmHDCr,9215,15,17496
warn,XOMzFqJLyjzzvPqLLEN,JSUkRxWvdHz,295,572,75364
warn,eIvZCma,QmXBAnwTSPfKppXpIJBuVvp,9,9546,18922
warn,M,oCkSGDGqMcppTyEMwmk,233,785,56595
warn,cNsbykO,sgJUfhLNxEnwEe,5118,6899,39576
warn,husEJX,YXAWNi,6378,6,36928
warn,a,CsJkOk,8,6849,33251
warn,uFjOnvWWHcgMA,euOoCySFyAuQqkmbgsCRm,28,5887,12914
warn,nXWUYXRaBMKOtKvex,fCEPNGMyNIRAdtNiGV,8544,941,42729
warn,lZGCz,bJyBTEf,3598,91,76734
warn,CgfcMwgBciEaGAOwzs,kAQqeLoKB,4,1799,99182
warn,KhjxmmOnHLbMU,EqGtdOzpEgblyMpeHo,9,2,22715
warn,PPrEXImbRAB,lJfheY,97,69,53735
warn,Upmi,kIslcvSEvwJVOQJrIo,462,8571,84798
warn,MliTFioW,pogZwPWCXwdacMvKbx,58,2155,42535
warn,civWRJggsnUcIVHhjhvP,KHxIjbqI,41,6797,47667
warn,FDhPwdeH,KFnYgWztzo,4527,382,57527
warn,rKlDSoKQmPapYGKrlbJu,CiWHiEMJlGzod,3,841,87565
warn,qJtwWXAWaOwAMFJzk,JBYAshLAQCsFlyiF,191,59,32947
warn,Bw,ahHWySpOXpMbEzAATVEjeWK,5,387,92532
warn,dnqU,upLbhrxBxbjaMspmLXzAzE,5,75,81973
warn,sLyDVuGFPVVmKSUqixQ,DVyKuhSHwpsLypZgeyRoK,635,239,55632
warn,JcklY,hmsNwCMNYEtaOk,594,786,38128
warn,w,UXqftzSI,94,8959,83225
warn,kagqriGhgJcCetDYjqyj,BFusWOYK,7,615,79564
warn,SzXUZnwTweyrbs,wYEdNlXYDjzBnvPXCXHOgBNX,1264,854,17695
warn,elgelOuqK,IAgtkOACKod,13,9,21767
warn,MQCYHlqsbcwUxjpBIOr,DCqlRY,6829,4,54532
warn,VlIhYzViS,fanjSrev,1742,4,41125
warn,YQclJcgADdSteF,kgamE,695,7186,63543
warn,wt,zYkISEiLZNWPhkHGUDk,1,6,21761
warn,GHjXE,VyDamYyLoSt,247,89,64536
warn,gXnHLFRIH,kQlxnuBRyn,995,84,37164
warn,gGoEc,CQNgxoNFwoZMved,4223,19,19767
warn,SwOGAksfbJuUkQrCOoMG,WSsrWnyBWJywA,3,97,69962
warn,fxvCfwmwMksSX,asChgytZkBI,77,638,31782
warn,lmEecAeNcd,OMuywhsKdWmuvSVfGyIRn,62,5,42776
warn,RXELlueBwqJmdz,aCXLChHVwl,1,9457,33115
warn,rN,nTDRfZVfGiVIKTymJx,3783,6247,39614
warn,TZM,ARmLVMUUZTebo,832,4664,74777
warn,ntaJSQJsAIneBr,XMGliWXNMBiD,26,9,65169
warn,pfvZNEIpfHyrb,iWTtQjoNGa,8728,2,23428
warn,LGOCWSpUinzvSIo,ZDLkElTqGAoMmulOGAvokw,145,14,21794
warn,ivnsupaBKt,TgywT,454,7366,47619
warn,Y,sBtGqk,8222,985,71278
warn,lFbEpuYNsyIOmAo,EGjoURlJGRgo,6,37,22717
warn,ISkAVQvFxitEuWPuOFq,HqQXRbEMLepLDcaJXqLEkNKm,942,761,24475
warn,DnZPKVAECBeHDqHbHUCf,oSdLjSiSRv,1,3,83353
warn,MuSJoQhZpyAg,LAiIReXmbMdGpnfQdk,973,47,59195
warn,KCeriQhSRHzIR,VSlVGarjBVgTQtqq,4885,4,14364
warn,CSPHJuR,aNoXa,458,7,18945
warn,UdR,FuZyLACvQ,283,5645,71876
warn,aEIioKuW,iQCopcjatKZsWasFJEGzxN,297,8,25396
warn,ZBdbb,zHbGfDMIZLTvVmglcsPMNR,8256,6,74648
warn,gmZRxXcLzpTogiRwY,icSpqXbERRWGxNRRlUeeuT,4,449,41547
warn,ugAZPmGCFfyQFxnJV,ozgmbdHpcwZsCtRg,65,8183,99171
warn,C,BYzEKpsMRouydiRJMNTqbcg,678,5866,87548
warn,xTkWmxyGi,FrkVWvd,1,93,81455
warn,pzhGAjQDBoByciv,Asfnq,24,58,19595
warn,P,gnwhWpNYmHeUeooNaPWriF,4,328,55711
warn,yL,yjglAntKMyNDRWgaAPbu,1,79,79556
warn,iJmC,xufOSYRzO,5229,7,84767
warn,ntCMkGGn,qngLDbtDoKcrwmFxWwuLUxMy,9,43,19862
warn,Huh,DJuqVgdViO,1,3,77569
warn,QaxbNgHe,qvTYbxWRwGCoweh,6156,8,98814
warn,ZppSYErw,THwLoEyjR,7274,145,79417
warn,hRPIyryVeDUUuQMoz,DMtHoqdVETv,1,4,19889
warn,cDfcJEYampNLHtl,eYyojsalTobJhQmLbzkgjbr,2,8,71738
warn,LEyRkJs,NErVWOsvGcwtN,157,135,65979
warn,rkfGyKGncIhBXuXkxarL,nwPAnHo,9,5,66474
warn,wGUhMNoFvnJPORnH,HHLnQ,9,8,98878
warn,ytNh,IsqYbdina,42,9452,86752
warn,OkcJPfNVdoLAeTvEFLV,SKmvtdrdPaFxJEthjDWx,5959,38,87731
warn,yBQJYTThsMNaCK,LyKxYed,134,78,98719
warn,gkBFTiUlnOiYFwsCUv,FVKYjRJ,525,1544,41158
warn,AfEiaPsZMUpwexOX,MBamXEDdqSecWmHzjIQzyCuj,682,8,87944
warn,q,QbdvPvuMffgzQQ,6551,3227,77368
warn,cGfQvkhLKvyNeSekkHn,rxYlihzNjNNOxaTmPTSeEQ,6,3,31742
warn,qefYcAfXxNa,VFixHxuczlo,2883,2,82696
warn,OpyUIl,xpualMtUWPkcHNVAUpni,11,89,27536
warn,TVvcDJLmlP,WtPBzsNfyCwVbpbvrOjz,49,4,45447
warn,zkiQoYziTquDGTcnKWL,WYlLyZcWYhLUIrCiv,42,8435,42861
warn,XsToWldRi,EaCodlziRSOaLIeeihw,715,5,53978
warn,wXri,oeGfFZniOIllUnnyVkAhOwQE,3827,3768,91229
warn,JeTkKt,GkyLrkgaZn,237,662,76199
warn,gJb,ZGmNjzATnHvSEOTXiMykii,1874,145,71269
warn,u,IhTQhLaTQQMHJqmz,44,2129,51913
warn,wXvthzLE,yHAqyBRkMbjSG,5,1959,74524
warn,MDNLUptw,COrrPTdixQFeUt,28,5592,13489
warn,sikwqQSkEourHChoEPhl,bIhyIcWtMNbZRicp,2,376,75818
warn,du,MGfRFBrZdSTGvkRydwJLEgi,39,783,18538
warn,sbmcu,DoGAuFm,1,1,24655
warn,LwKPqVsTPeQzPtMiuX,mrMdYaIcZzAxoNtDgXoGVFOb,124,9,33456
warn,lxMun,UPuKykJhnsLJdkawmVSZvzuY,1,3895,48489
warn,Oomnw,ggljrGaqjojLGElDGFu,6662,5662,34836
warn,jXGHZIoKupObzJAAHlG,ChjSwlKc,714,827,22958
warn,NJH,XLxMjJ,55,1,43967
warn,NHwErCjIMzLIwj,QBOUQgxErhuADRas,488,1,59839
warn,RGincxVsJA,yJxCWi,6,45,83867
warn,GnbFHO,HCjrzrgFMXxjxSCAsHbkTx,6855,7124,43995
warn,dBcvtzANjW,THaZlsjBLz,41,78,11663
warn,pLpLKgvh,pWSzRrChdFNJlvNgRSjt,5968,5498,62233
warn,FsGWlZtqEobaxwoiG,yVojuxoglUK,9,674,26974
warn,mm,SgquqltPhKQ,554,1656,69717
warn,rdnEUqUKwIcZ,WOiSCnfxzzbFne,2,16,66265
warn,rKSAYdn,KAgSZ,156,76,42725
warn,v,QPnuEyUmcbAQMWNvHxhdc,5895,1212,25295
warn,enMIXvkSG,jMhoOsZICfjhaD,1,7,16368
warn,OxiJscSYIZ,boGIFwDAaWueBEfTqTWlKWLU,2898,4,85992
warn,dGJYAC,KTdQltQKq,25,58,52496
warn,XpYYFaV,LQuSV,682,82,93348
warn,t,eIbRoINdkdgn,82,6,87125
warn,nPKo,nRRELlcEpZjUkrpALNH,36,755,25426
warn,Zrx,iFmMcrdPdpYej,318,8825,47879
warn,PqkmQNwvanGCvOmeJxzJ,xIJlhtKfU,7,79,39118
warn,KtHmoaUZq,fSxxPLFHBBUbwIisf,9878,7256,47298
warn,lGWmHqJLloxOY,jGnsnPfaXosTUfOpbYGuI,313,7,73879
warn,njWOjjmC,MieFlyDdiFgqiGdIEVtc,5257,89,19795
warn,jfBCb,UFLxZvLYcg,126,1775,42113
warn,n,FAiFTuVOTsiGPEIVkXZQLON,3,46,45518
warn,fAgTbFkwbORxfr,TGgxdmCrV,577,7,51179
warn,tNgy,qsWzarYxgVwYS,1,11,32628
warn,zuRW,zXTLxTANuXLClj,6281,955,88871
warn,qKKHBLKITgCvbtwf,TqGPE,429,6512,67178
warn,KSZCbvMOFiQXlowTJSr,YmXHUtgiuUOkhi,431,81,61212
warn,wEzwHUSZQBFI,fRwTsEPZhZKddYkeiw,9965,6672,62663
warn,gMuG,VvjSKDUtmlgLagjCYALguI,989,4597,14699
warn,KzqFCjmaXtA,kFCHMnsYTTi,5,6264,27943
warn,GdLvqFkVvbsAbhrd,PwtvAawOMciO,4,685,13729
warn,JEiSNEU,WDaRnOdUxF,6158,8218,21538
warn,JqqaiBOlMpQMtZJ,JihFtSLIghesbAm,98,2882,65857
warn,mRSLoLuCSPWr,QwwMSIfJNLmTe,35,956,15827
warn,xmBCdz,mukCOKqi,933,84,15613
warn,buOPGDqt,xpIvawyQQRBDQVtMkbCBvaX,43,3493,95375
warn,rCdOhhiZFASh,XCKYSP,55,34,98711
warn,lknZVHrBmVbawB,MmfyZXLRiXyzeKsKWeB,687,3143,11874
warn,JMFibudJe,wfnLkRJ,2,368,46787
warn,EEFirJbDHrjIpzuZnI,JWyqXm,859,8539,89774
warn,azwOfbTXGmPufVDynQ,EyjvUbXNNqmy,9,3485,95632
warn,VVnZUPplRernmdNz,siBBuiekrXkEosrqwCNyS,5549,6155,72543
warn,hkXZviGvF,xWGQoNR,872,9,45983
warn,wGcmnPOfR,lCjezcHWN,6172,9,45933
warn,eeEwxWiWnwOapJDnGhG,RiJAJGyJ,6,9,76545
warn,MnjvirOEgZlABtAWk,XdXaTaCq,2,1763,78498
warn,Khj,WihQxtmEAORmOyObbAI,66,3,24635
warn,X,ZITspsFKRrhwhcvcUByD,11,3749,81363
warn,UvXjcojXUWVpiW,hXbPdRSVLCMDAwIt,3,8761,76492
warn,LtKAHvSkvaVby,pMAkKtIKqKGYdFDOxk,46,985,22814
warn,OzOVVYKfW,aOhsyfuxJNIZYnePqrG,62,159,68755
warn,QsQgFcPTkRl,KhSNiTNhFkuEjCpjEzb,1,9899,93691
warn,A,QkBhUoQbJnkwyM,1,2963,69579
warn,NYoDoZmrlaInWSCgGIZ,RouoToqJ,4524,6,18462
warn,MiMpHqLFyCChMhSw,AbXtNLeXdpyrqjERBGxxcf,38,33,86173
warn,xCDZV,RGSpcGxB,546,632,78673
warn,zrBgtzgxyP,eMDVNAIJkcImuUy,79,327,57178
warn,ofmmR,pkpsjATwZAaGjOSv,941,79,24834
warn,Qme,TPPUsjlDVxxioG,5812,1,71275
warn,YPRPRhPi,XtQEBhAi,57,754,58415
warn,PiLXkDrkBbyhAFWrrZ,Zlavizeqs,5,4,61329
warn,icSSZdEMzIbd,DUMBHPEuspmBaWW,3812,6,35763
warn,t,hEMuBtnNAcwzOgL,87,779,39695
warn,smLTTZgyTWLKNeYrUki,OrQcri,6671,2578,32336
warn,AEIsmsAqoPTE,HpGyPGJMazOOYlQ,271,981,42281
warn,ijTQ,vPlYLXrPQzlZ,2858,8,84368
warn,NNftbYSjQHxkmk,mZddTJQ,4227,6,65425
warn,G,JJlXuFUcxKI,597,64,65756
warn,nZQEMRhXbJFVYbyrZ,lhmHMi,564,9529,54332
warn,HmOqgi,SLJDBRHCk,4523,3,36719
warn,hCS,KpFhcAqNkFwqdFKGnvllpHbS,8596,194,91963
warn,wjprhfmpBz,jVsHHI,544,83,82923
warn,qKcgjzf,jsFeLqfewYfwn,244,9127,85966
warn,aqkMuVneOU,JrBXIzNJP,9218,584,16856
warn,zgrGJXZDKmUexlG,xJLjYpGaZNHOtTnBugc,4,6,85189
warn,lAwLuwCWqpXQUbaERmaU,ikVcPweDBituy,99,8264,17395
warn,oaNEqXuroy,fvfKgF,85,894,26754
warn,xEoqCe,stZFmYi,273,9153,13615
warn,mUdXcoAoetevCtfQF,MCMjsUTqtIZRnFOYpYXE,377,2465,13862
warn,UHaRfJKFvEotMBwEh,etJmknIbKpmWuUPEzjV,741,28,31431
warn,ymiIRNi,yRVOiEX,2,55,55926
warn,JvlrNh,iBwxnfmypumrf,65,1,25359
warn,AAlMcZGqlud,hcHRrToxvHDoKCemKVOLS,64,137,43215
warn,yUfWmLY,yoNCrojpqfbokZEhV,5129,41,68461
warn,oetPF,znFUoekOmEPAdAfvyOkcPm,5,8,89564
warn,TGjWfrJvIVdzjakahc,MreUDdQysUAJS,1,873,94624
warn,ZjEHHWPzzEa,ezCWNamsfEFLwsNr,91,56,95819
warn,zWkYhanqMvUq,smnTwxqtcqAOmhq,5136,2849,39591
